-- phpMyAdmin SQL Dump
-- version 5.2.0
-- https://www.phpmyadmin.net/
--
-- Servidor: localhost:3345
-- Tiempo de generación: 08-08-2023 a las 04:13:13
-- Versión del servidor: 10.4.24-MariaDB
-- Versión de PHP: 8.1.6

SET SQL_MODE = "NO_AUTO_VALUE_ON_ZERO";
START TRANSACTION;
SET time_zone = "+00:00";


/*!40101 SET @OLD_CHARACTER_SET_CLIENT=@@CHARACTER_SET_CLIENT */;
/*!40101 SET @OLD_CHARACTER_SET_RESULTS=@@CHARACTER_SET_RESULTS */;
/*!40101 SET @OLD_COLLATION_CONNECTION=@@COLLATION_CONNECTION */;
/*!40101 SET NAMES utf8mb4 */;

--
-- Base de datos: `restaurante`
--

-- --------------------------------------------------------

--
-- Estructura de tabla para la tabla `boleta`
--

CREATE TABLE `boleta` (
  `idBoleta` int(11) NOT NULL,
  `idPedido` int(11) NOT NULL,
  `idMozo` int(8) NOT NULL,
  `idCliente` int(11) NOT NULL,
  `direccion` varchar(100) COLLATE utf8_spanish_ci NOT NULL,
  `Total` double NOT NULL,
  `fecha_emitida` date NOT NULL
) ENGINE=InnoDB DEFAULT CHARSET=utf8 COLLATE=utf8_spanish_ci;

--
-- Volcado de datos para la tabla `boleta`
--

INSERT INTO `boleta` (`idBoleta`, `idPedido`, `idMozo`, `idCliente`, `direccion`, `Total`, `fecha_emitida`) VALUES
(10000002, 100000004, 75967363, 1000004, 'Comas', 1320, '2023-06-08'),
(100000000, 100000002, 85236914, 1000001, 'LIMA', 476.57, '2023-07-01'),
(100000001, 100000002, 84956857, 1000006, 'LIMA', 973.92, '2023-07-01'),
(100000002, 100000002, 74852535, 1000002, 'LIMA', 876.32, '2023-07-01'),
(100000003, 100000002, 25836914, 1000005, 'LIMA', 483.18, '2023-07-01'),
(100000004, 100000002, 85236914, 1000002, 'LIMA', 295.12, '2023-07-01'),
(100000005, 100000002, 75967363, 1000003, 'LIMA', 491.53, '2023-07-01'),
(100000006, 100000002, 25836914, 1000003, 'LIMA', 1452.32, '2023-07-01'),
(100000007, 100000002, 84956857, 1000001, 'LIMA', 2170.05, '2023-07-02'),
(100000008, 100000002, 25836914, 1000005, 'LIMA', 839.08, '2023-07-02'),
(100000009, 100000002, 25836914, 1000002, 'LIMA', 568.03, '2023-07-02'),
(100000010, 100000002, 75325864, 1000007, 'LIMA', 1333.6, '2023-07-02'),
(100000011, 100000002, 74852535, 1000006, 'LIMA', 2136.66, '2023-07-02'),
(100000012, 100000002, 75967363, 1000001, 'LIMA', 1006.31, '2023-07-02'),
(100000013, 100000002, 75967363, 1000002, 'LIMA', 1668.64, '2023-07-02'),
(100000014, 100000002, 85236914, 1000007, 'LIMA', 376.67, '2023-07-03'),
(100000015, 100000002, 84956857, 1000006, 'LIMA', 1194.18, '2023-07-03'),
(100000016, 100000002, 75967363, 1000006, 'LIMA', 1886.93, '2023-07-03'),
(100000017, 100000002, 75325864, 1000005, 'LIMA', 853.27, '2023-07-03'),
(100000018, 100000002, 75967363, 1000002, 'LIMA', 257.49, '2023-07-03'),
(100000019, 100000002, 84956857, 1000004, 'LIMA', 820.42, '2023-07-03'),
(100000020, 100000002, 85236914, 1000005, 'LIMA', 260.37, '2023-07-03'),
(100000021, 100000002, 25836914, 1000001, 'LIMA', 1125.47, '2023-07-04'),
(100000022, 100000002, 75325864, 1000002, 'LIMA', 2197.84, '2023-07-04'),
(100000023, 100000002, 84956857, 1000002, 'LIMA', 612.73, '2023-07-04'),
(100000024, 100000002, 75325864, 1000006, 'LIMA', 1794.71, '2023-07-04'),
(100000025, 100000002, 74852535, 1000007, 'LIMA', 888, '2023-07-04'),
(100000026, 100000002, 25836914, 1000006, 'LIMA', 519.24, '2023-07-04'),
(100000027, 100000002, 84956857, 1000001, 'LIMA', 1524.83, '2023-07-04'),
(100000029, 100000002, 75967363, 1000006, 'LIMA', 1312.55, '2023-07-05'),
(100000030, 100000002, 85236914, 1000006, 'LIMA', 1371.25, '2023-07-05'),
(100000031, 100000002, 84956857, 1000001, 'LIMA', 687.85, '2023-07-05'),
(100000032, 100000002, 25836914, 1000007, 'LIMA', 1011.82, '2023-07-05'),
(100000033, 100000002, 85236914, 1000001, 'LIMA', 1120.55, '2023-07-05'),
(100000035, 100000002, 25836914, 1000002, 'LIMA', 490.45, '2023-07-06'),
(100000036, 100000002, 75967363, 1000004, 'LIMA', 333.36, '2023-07-06'),
(100000037, 100000002, 75325864, 1000004, 'LIMA', 306.78, '2023-07-06'),
(100000038, 100000002, 75967363, 1000003, 'LIMA', 277.76, '2023-07-06'),
(100000039, 100000002, 75967363, 1000001, 'LIMA', 282.18, '2023-07-06'),
(100000040, 100000002, 75967363, 1000001, 'LIMA', 654.12, '2023-07-06'),
(100000041, 100000002, 75967363, 1000005, 'LIMA', 530.41, '2023-07-06'),
(100000042, 100000002, 75325864, 1000006, 'LIMA', 419.08, '2023-07-07'),
(100000043, 100000002, 75967363, 1000002, 'LIMA', 479.31, '2023-07-07'),
(100000044, 100000002, 74852535, 1000005, 'LIMA', 460.58, '2023-07-07'),
(100000045, 100000002, 85236914, 1000004, 'LIMA', 932.65, '2023-07-07'),
(100000046, 100000002, 84956857, 1000005, 'LIMA', 362.84, '2023-07-07'),
(100000047, 100000002, 75967363, 1000003, 'LIMA', 1186.83, '2023-07-07'),
(100000048, 100000002, 74852535, 1000007, 'LIMA', 1096.12, '2023-07-07'),
(100000049, 100000002, 74852535, 1000007, 'LIMA', 348.77, '2023-07-08'),
(100000050, 100000002, 85236914, 1000005, 'LIMA', 726, '2023-07-08'),
(100000051, 100000002, 74852535, 1000001, 'LIMA', 1162.7, '2023-07-08'),
(100000052, 100000002, 74852535, 1000002, 'LIMA', 263.73, '2023-07-08'),
(100000053, 100000002, 75325864, 1000002, 'LIMA', 713.5, '2023-07-08'),
(100000054, 100000002, 74852535, 1000004, 'LIMA', 902.3, '2023-07-08'),
(100000055, 100000002, 84956857, 1000007, 'LIMA', 1637.9, '2023-07-08'),
(100000056, 100000002, 75967363, 1000005, 'LIMA', 233.02, '2023-07-09'),
(100000057, 100000002, 25836914, 1000005, 'LIMA', 463.59, '2023-07-09'),
(100000058, 100000002, 84956857, 1000005, 'LIMA', 308.78, '2023-07-09'),
(100000059, 100000002, 84956857, 1000005, 'LIMA', 759.44, '2023-07-09'),
(100000060, 100000002, 25836914, 1000007, 'LIMA', 734.45, '2023-07-09'),
(100000061, 100000002, 75967363, 1000002, 'LIMA', 926.66, '2023-07-09'),
(100000062, 100000002, 25836914, 1000002, 'LIMA', 789.92, '2023-07-09'),
(100000064, 100000002, 25836914, 1000003, 'LIMA', 1077.13, '2023-07-10'),
(100000065, 100000002, 75967363, 1000006, 'LIMA', 821.97, '2023-07-10'),
(100000066, 100000002, 74852535, 1000001, 'LIMA', 326.97, '2023-07-10'),
(100000067, 100000002, 85236914, 1000007, 'LIMA', 1091.71, '2023-07-10'),
(100000068, 100000002, 74852535, 1000004, 'LIMA', 1155.31, '2023-07-10'),
(100000069, 100000002, 84956857, 1000003, 'LIMA', 507.96, '2023-07-10'),
(100000070, 100000002, 85236914, 1000006, 'LIMA', 667.13, '2023-07-11'),
(100000072, 100000002, 74852535, 1000007, 'LIMA', 2140.16, '2023-07-11'),
(100000073, 100000002, 25836914, 1000001, 'LIMA', 727.5, '2023-07-11'),
(100000074, 100000002, 85236914, 1000003, 'LIMA', 919.5, '2023-07-11'),
(100000075, 100000002, 74852535, 1000003, 'LIMA', 200.55, '2023-07-11'),
(100000076, 100000002, 25836914, 1000002, 'LIMA', 2173.37, '2023-07-11'),
(100000077, 100000002, 75325864, 1000007, 'LIMA', 1904.48, '2023-07-12'),
(100000078, 100000002, 25836914, 1000006, 'LIMA', 761.59, '2023-07-12'),
(100000079, 100000002, 25836914, 1000001, 'LIMA', 667.62, '2023-07-12'),
(100000080, 100000002, 75967363, 1000007, 'LIMA', 1832.45, '2023-07-12'),
(100000081, 100000002, 74852535, 1000003, 'LIMA', 685.75, '2023-07-12'),
(100000082, 100000002, 25836914, 1000002, 'LIMA', 672.97, '2023-07-12'),
(100000083, 100000002, 75325864, 1000005, 'LIMA', 277.22, '2023-07-12'),
(100000084, 100000002, 85236914, 1000002, 'LIMA', 663, '2023-07-13'),
(100000085, 100000002, 75325864, 1000004, 'LIMA', 921.55, '2023-07-13'),
(100000087, 100000002, 25836914, 1000001, 'LIMA', 1153.83, '2023-07-13'),
(100000088, 100000002, 75325864, 1000004, 'LIMA', 1583.9, '2023-07-13'),
(100000089, 100000002, 25836914, 1000005, 'LIMA', 363.7, '2023-07-13'),
(100000090, 100000002, 85236914, 1000007, 'LIMA', 1256.56, '2023-07-13'),
(100000091, 100000002, 84956857, 1000007, 'LIMA', 842.36, '2023-07-14'),
(100000093, 100000002, 85236914, 1000007, 'LIMA', 1088.93, '2023-07-14'),
(100000095, 100000002, 74852535, 1000001, 'LIMA', 1470.67, '2023-07-14'),
(100000096, 100000002, 84956857, 1000004, 'LIMA', 373.11, '2023-07-14'),
(100000097, 100000002, 84956857, 1000006, 'LIMA', 351.73, '2023-07-14'),
(100000098, 100000002, 85236914, 1000006, 'LIMA', 1728.01, '2023-07-15'),
(100000099, 100000002, 74852535, 1000003, 'LIMA', 878.42, '2023-07-15'),
(100000100, 100000002, 25836914, 1000007, 'LIMA', 1799.45, '2023-07-15'),
(100000102, 100000002, 25836914, 1000006, 'LIMA', 753.17, '2023-07-15'),
(100000103, 100000002, 74852535, 1000002, 'LIMA', 699.64, '2023-07-15'),
(100000105, 100000002, 25836914, 1000007, 'LIMA', 353.15, '2023-07-16'),
(100000106, 100000002, 75325864, 1000007, 'LIMA', 1579.66, '2023-07-16'),
(100000109, 100000002, 84956857, 1000005, 'LIMA', 1318.16, '2023-07-16'),
(100000110, 100000002, 75325864, 1000005, 'LIMA', 1393.11, '2023-07-16'),
(100000112, 100000002, 75325864, 1000002, 'LIMA', 591.06, '2023-07-17'),
(100000113, 100000002, 25836914, 1000003, 'LIMA', 1111.75, '2023-07-17'),
(100000114, 100000002, 75325864, 1000006, 'LIMA', 804.32, '2023-07-17'),
(100000115, 100000002, 75967363, 1000003, 'LIMA', 777.54, '2023-07-17'),
(100000116, 100000002, 75325864, 1000002, 'LIMA', 487.86, '2023-07-17'),
(100000117, 100000002, 85236914, 1000004, 'LIMA', 816.28, '2023-07-17'),
(100000118, 100000002, 75967363, 1000005, 'LIMA', 566.91, '2023-07-17'),
(100000119, 100000002, 84956857, 1000003, 'LIMA', 1181.07, '2023-07-18'),
(100000120, 100000002, 84956857, 1000004, 'LIMA', 1194.83, '2023-07-18'),
(100000121, 100000002, 74852535, 1000002, 'LIMA', 561.81, '2023-07-18'),
(100000122, 100000002, 85236914, 1000001, 'LIMA', 1502.24, '2023-07-18'),
(100000123, 100000002, 75967363, 1000007, 'LIMA', 505.76, '2023-07-18'),
(100000124, 100000002, 85236914, 1000003, 'LIMA', 1684.3, '2023-07-18'),
(100000126, 100000002, 25836914, 1000005, 'LIMA', 243.57, '2023-07-19'),
(100000127, 100000002, 85236914, 1000004, 'LIMA', 750.63, '2023-07-19'),
(100000128, 100000002, 74852535, 1000006, 'LIMA', 249.11, '2023-07-19'),
(100000129, 100000002, 75967363, 1000005, 'LIMA', 270.82, '2023-07-19'),
(100000130, 100000002, 75967363, 1000001, 'LIMA', 601.25, '2023-07-19'),
(100000131, 100000002, 75325864, 1000006, 'LIMA', 595.25, '2023-07-19'),
(100000133, 100000002, 75967363, 1000001, 'LIMA', 702.8, '2023-07-20'),
(100000134, 100000002, 25836914, 1000006, 'LIMA', 1038.3, '2023-07-20'),
(100000135, 100000002, 85236914, 1000004, 'LIMA', 1835.95, '2023-07-20'),
(100000136, 100000002, 75967363, 1000005, 'LIMA', 558.34, '2023-07-20'),
(100000137, 100000002, 85236914, 1000004, 'LIMA', 1694.13, '2023-07-20'),
(100000138, 100000002, 84956857, 1000007, 'LIMA', 507.02, '2023-07-20'),
(100000139, 100000002, 84956857, 1000002, 'LIMA', 953.01, '2023-07-20'),
(100000140, 100000002, 74852535, 1000005, 'LIMA', 479.67, '2023-07-21'),
(100000141, 100000002, 75967363, 1000007, 'LIMA', 888.5, '2023-07-21'),
(100000142, 100000002, 84956857, 1000003, 'LIMA', 447.7, '2023-07-21'),
(100000144, 100000002, 74852535, 1000005, 'LIMA', 772.51, '2023-07-21'),
(100000145, 100000002, 75325864, 1000002, 'LIMA', 1543.91, '2023-07-21'),
(100000147, 100000002, 84956857, 1000006, 'LIMA', 1623.32, '2023-07-22'),
(100000149, 100000002, 75325864, 1000005, 'LIMA', 991.16, '2023-07-22'),
(100000150, 100000002, 85236914, 1000004, 'LIMA', 1059.92, '2023-07-22'),
(100000151, 100000002, 75967363, 1000006, 'LIMA', 1757.28, '2023-07-22'),
(100000152, 100000002, 85236914, 1000004, 'LIMA', 209.08, '2023-07-22'),
(100000154, 100000002, 74852535, 1000006, 'LIMA', 732.52, '2023-07-23'),
(100000155, 100000002, 85236914, 1000002, 'LIMA', 1362.43, '2023-07-23'),
(100000156, 100000002, 75967363, 1000006, 'LIMA', 1783.58, '2023-07-23'),
(100000157, 100000002, 84956857, 1000006, 'LIMA', 398.03, '2023-07-23'),
(100000159, 100000002, 25836914, 1000007, 'LIMA', 1789.1, '2023-07-23'),
(100000160, 100000002, 74852535, 1000004, 'LIMA', 852.73, '2023-07-23'),
(100000161, 100000002, 75967363, 1000002, 'LIMA', 557.58, '2023-07-24'),
(100000163, 100000002, 85236914, 1000005, 'LIMA', 463.88, '2023-07-24'),
(100000164, 100000002, 84956857, 1000002, 'LIMA', 1371.98, '2023-07-24'),
(100000166, 100000002, 84956857, 1000003, 'LIMA', 347.81, '2023-07-24'),
(100000167, 100000002, 84956857, 1000002, 'LIMA', 1104.2, '2023-07-24'),
(100000168, 100000002, 25836914, 1000006, 'LIMA', 823.58, '2023-07-25'),
(100000169, 100000002, 75325864, 1000006, 'LIMA', 514.96, '2023-07-25'),
(100000170, 100000002, 25836914, 1000007, 'LIMA', 419.74, '2023-07-25'),
(100000171, 100000002, 75967363, 1000005, 'LIMA', 720.1, '2023-07-25'),
(100000172, 100000002, 74852535, 1000006, 'LIMA', 1288.92, '2023-07-25'),
(100000173, 100000002, 25836914, 1000001, 'LIMA', 537.66, '2023-07-25'),
(100000174, 100000002, 75967363, 1000005, 'LIMA', 1089.05, '2023-07-25'),
(100000175, 100000002, 74852535, 1000005, 'LIMA', 1120.04, '2023-07-26'),
(100000176, 100000002, 25836914, 1000002, 'LIMA', 1441.42, '2023-07-26'),
(100000177, 100000002, 85236914, 1000006, 'LIMA', 1845.64, '2023-07-26'),
(100000178, 100000002, 84956857, 1000003, 'LIMA', 952.54, '2023-07-26'),
(100000179, 100000002, 25836914, 1000005, 'LIMA', 715.06, '2023-07-26'),
(100000180, 100000002, 75325864, 1000007, 'LIMA', 232.38, '2023-07-26'),
(100000181, 100000002, 84956857, 1000003, 'LIMA', 505.29, '2023-07-26'),
(100000182, 100000002, 25836914, 1000007, 'LIMA', 579.03, '2023-07-27'),
(100000183, 100000002, 74852535, 1000002, 'LIMA', 741.93, '2023-07-27'),
(100000184, 100000002, 84956857, 1000005, 'LIMA', 429.33, '2023-07-27'),
(100000185, 100000002, 75967363, 1000001, 'LIMA', 1494.84, '2023-07-27'),
(100000186, 100000002, 84956857, 1000002, 'LIMA', 581.87, '2023-07-27'),
(100000187, 100000002, 75967363, 1000001, 'LIMA', 1966.86, '2023-07-27'),
(100000188, 100000002, 85236914, 1000002, 'LIMA', 279.27, '2023-07-27'),
(100000189, 100000002, 84956857, 1000001, 'LIMA', 333.57, '2023-07-28'),
(100000190, 100000002, 74852535, 1000007, 'LIMA', 820.04, '2023-07-28'),
(100000191, 100000002, 75967363, 1000005, 'LIMA', 216.5, '2023-07-28'),
(100000192, 100000002, 75967363, 1000003, 'LIMA', 1079.48, '2023-07-28'),
(100000193, 100000002, 75967363, 1000001, 'LIMA', 1775.12, '2023-07-28'),
(100000194, 100000002, 84956857, 1000007, 'LIMA', 901.08, '2023-07-28'),
(100000195, 100000002, 75967363, 1000004, 'LIMA', 409.03, '2023-07-28'),
(100000196, 100000002, 75325864, 1000006, 'LIMA', 449.17, '2023-07-29'),
(100000197, 100000002, 74852535, 1000001, 'LIMA', 1580.05, '2023-07-29'),
(100000198, 100000002, 75967363, 1000002, 'LIMA', 1187.44, '2023-07-29'),
(100000199, 100000002, 25836914, 1000001, 'LIMA', 232.27, '2023-07-29'),
(100000200, 100000002, 84956857, 1000002, 'LIMA', 1083.6, '2023-07-29'),
(100000201, 100000002, 85236914, 1000007, 'LIMA', 571.32, '2023-07-29'),
(100000202, 100000002, 25836914, 1000007, 'LIMA', 1789.26, '2023-07-29'),
(100000204, 100000002, 74852535, 1000003, 'LIMA', 767.91, '2023-07-30'),
(100000205, 100000002, 75325864, 1000002, 'LIMA', 1195.03, '2023-07-30'),
(100000206, 100000002, 74852535, 1000006, 'LIMA', 376.36, '2023-07-30'),
(100000207, 100000002, 84956857, 1000002, 'LIMA', 209.92, '2023-07-30'),
(100000208, 100000002, 85236914, 1000005, 'LIMA', 1818.54, '2023-07-30'),
(100000210, 100000002, 85236914, 1000007, 'LIMA', 2118.05, '2023-07-31'),
(100000211, 100000002, 84956857, 1000004, 'LIMA', 1537.07, '2023-07-31'),
(100000212, 100000002, 25836914, 1000004, 'LIMA', 1229.02, '2023-07-31'),
(100000213, 100000002, 84956857, 1000006, 'LIMA', 1156.26, '2023-07-31'),
(100000214, 100000002, 85236914, 1000006, 'LIMA', 434.26, '2023-07-31'),
(100000215, 100000002, 74852535, 1000007, 'LIMA', 1400.56, '2023-07-31'),
(100000216, 100000002, 25836914, 1000006, 'LIMA', 919.97, '2023-07-31');

-- --------------------------------------------------------

--
-- Estructura de tabla para la tabla `cliente`
--

CREATE TABLE `cliente` (
  `idCliente` int(7) NOT NULL,
  `Nombre` varchar(60) NOT NULL,
  `Apellido` varchar(80) NOT NULL,
  `Dni` int(8) NOT NULL,
  `telefono` int(9) NOT NULL
) ENGINE=InnoDB DEFAULT CHARSET=utf8mb4;

--
-- Volcado de datos para la tabla `cliente`
--

INSERT INTO `cliente` (`idCliente`, `Nombre`, `Apellido`, `Dni`, `telefono`) VALUES
(1000000, 'No Registrado', '', 0, 0),
(1000001, 'Jose Luis', 'Acevedo Quispe', 45612387, 985565421),
(1000002, 'Julio Cesar', 'Sanchez Peña', 25836951, 985741256),
(1000003, 'Pedro', 'Arroyo Clara', 45625835, 965785417),
(1000004, 'Clara luisa', 'Savedra Rodriguez', 25835715, 968753624),
(1000005, 'Rodrigo', 'Martinez', 75967362, 967412583),
(1000006, 'Ana', 'Torres', 75967361, 972578635),
(1000007, 'Victor', 'Sanchez', 69865896, 911225786);

-- --------------------------------------------------------

--
-- Estructura de tabla para la tabla `empleados`
--

CREATE TABLE `empleados` (
  `idEmpleado` int(8) NOT NULL,
  `idTipo` int(2) DEFAULT NULL,
  `Nombre` varchar(60) DEFAULT NULL,
  `Apellido` varchar(60) DEFAULT NULL,
  `Dni` int(8) NOT NULL,
  `Correo` varchar(60) NOT NULL,
  `Contraseña` varchar(20) NOT NULL
) ENGINE=InnoDB DEFAULT CHARSET=utf8mb4;

--
-- Volcado de datos para la tabla `empleados`
--

INSERT INTO `empleados` (`idEmpleado`, `idTipo`, `Nombre`, `Apellido`, `Dni`, `Correo`, `Contraseña`) VALUES
(10000000, 13, 'Sin Asignar', ' ', 10000000, '', ''),
(25836914, 13, 'Renato', 'Rodriguez Sanchez', 25836914, 'renato@gmail.com', 'renato'),
(25836947, 14, 'Jorge Luis', 'Garcia Fernandez', 25836947, 'jorge@gmail.com', 'jorge123'),
(45612135, 15, 'Blanca', 'Rodriguez Sanchez', 45612135, 'blanca@gmail.com', 'blanca123'),
(65432158, 11, 'Kevin jose', 'Lopez Perez', 65432158, 'kevin@gmail.com', 'kevin'),
(74852535, 13, 'Rodrigo', 'Palomino Condori', 74852535, 'Rodrigo@gmail.com', 'Rodrigo123'),
(75325864, 13, 'Sumara', 'Rodriguez Sanchez', 75325864, 'Sumara@gmail.com', 'Sumara123'),
(75967361, 16, 'bryan', 'Torres', 75967361, 'bryan@gmail.com', 'bryan'),
(75967363, 13, 'pepe', 'gonzales', 75967363, 'pepe@gmail.com', 'pepe'),
(75967369, 17, 'ana', 'Gutierrez', 75967369, 'ana@gmail.com', 'ana'),
(76513439, 12, 'wilmer', 'zuñiga', 76513439, 'wilmer@gmail.com', 'wilmer'),
(84956857, 13, 'Pedro ', 'Sanchez Peña', 84956857, 'Pedro@gmail.com', 'pedro123'),
(85236914, 13, 'Rosa ', 'Saavedra Sanchez', 85236914, 'Rosa @gmail.com', 'rosa123');

-- --------------------------------------------------------

--
-- Estructura de tabla para la tabla `estado_pedido`
--

CREATE TABLE `estado_pedido` (
  `idEstado` int(2) NOT NULL,
  `Nombre` varchar(100) NOT NULL
) ENGINE=InnoDB DEFAULT CHARSET=utf8mb4;

--
-- Volcado de datos para la tabla `estado_pedido`
--

INSERT INTO `estado_pedido` (`idEstado`, `Nombre`) VALUES
(10, 'En espera'),
(11, 'Pedido Tomado'),
(12, 'En Preparacion\r\n'),
(13, 'Casi Listo\r\n'),
(14, 'Pedido Listo\r\n'),
(15, 'Atendido'),
(20, 'Dejar Pedido\r\n'),
(21, 'Con Retraso\r\n'),
(22, 'Problemas');

-- --------------------------------------------------------

--
-- Estructura de tabla para la tabla `factura`
--

CREATE TABLE `factura` (
  `idFactura` int(14) NOT NULL,
  `idpedido` int(10) DEFAULT NULL,
  `idMozo` int(8) NOT NULL,
  `idCliente` int(7) DEFAULT NULL,
  `subTotal` float NOT NULL,
  `IGV` float NOT NULL,
  `Total` float DEFAULT NULL,
  `direccion` varchar(100) NOT NULL,
  `telefono` int(20) NOT NULL,
  `ruc` float NOT NULL,
  `observaciones` varchar(100) NOT NULL,
  `fecha_emitida` date NOT NULL
) ENGINE=InnoDB DEFAULT CHARSET=utf8mb4;

--
-- Volcado de datos para la tabla `factura`
--

INSERT INTO `factura` (`idFactura`, `idpedido`, `idMozo`, `idCliente`, `subTotal`, `IGV`, `Total`, `direccion`, `telefono`, `ruc`, `observaciones`, `fecha_emitida`) VALUES
(10000002, 100000004, 75967363, 1000007, 1320, 237.6, 1557.6, 'Comas', 967412583, 21312300000, 'Al contado', '2023-06-08'),
(10000003, 100000001, 85236914, 1000002, 3000, 540, 3540, 'lima', 987456123, 15926400000, 'ninguna', '2023-07-18'),
(100000023, 100000002, 74852535, 1000006, 2085.95, 375.47, 2461.42, 'lima', 999999999, 11111100000, 'formal', '2023-07-01'),
(100000024, 100000002, 75325864, 1000006, 2133.32, 384, 2517.32, 'lima', 999999999, 11111100000, 'formal', '2023-07-01'),
(100000025, 100000002, 75325864, 1000004, 1054, 189.72, 1243.72, 'lima', 999999999, 11111100000, 'formal', '2023-07-01'),
(100000026, 100000002, 75325864, 1000006, 256.8, 46.22, 303.02, 'lima', 999999999, 11111100000, 'formal', '2023-07-01'),
(100000028, 100000002, 74852535, 1000002, 289.97, 52.19, 342.16, 'lima', 999999999, 11111100000, 'formal', '2023-07-01'),
(100000029, 100000002, 85236914, 1000001, 333.84, 60.09, 393.93, 'lima', 999999999, 11111100000, 'formal', '2023-07-01'),
(100000030, 100000002, 84956857, 1000006, 1642.46, 295.64, 1938.1, 'lima', 999999999, 11111100000, 'formal', '2023-07-02'),
(100000031, 100000002, 74852535, 1000003, 1075.34, 193.56, 1268.9, 'lima', 999999999, 11111100000, 'formal', '2023-07-02'),
(100000032, 100000002, 75967363, 1000006, 273.3, 49.19, 322.49, 'lima', 999999999, 11111100000, 'formal', '2023-07-02'),
(100000033, 100000002, 75325864, 1000005, 986.3, 177.53, 1163.83, 'lima', 999999999, 11111100000, 'formal', '2023-07-02'),
(100000034, 100000002, 84956857, 1000005, 453.13, 81.56, 534.69, 'lima', 999999999, 11111100000, 'formal', '2023-07-02'),
(100000035, 100000002, 74852535, 1000006, 905.58, 163, 1068.58, 'lima', 999999999, 11111100000, 'formal', '2023-07-02'),
(100000036, 100000002, 74852535, 1000004, 438.51, 78.93, 517.44, 'lima', 999999999, 11111100000, 'formal', '2023-07-02'),
(100000038, 100000002, 85236914, 1000006, 800.67, 144.12, 944.79, 'lima', 999999999, 11111100000, 'formal', '2023-07-03'),
(100000039, 100000002, 25836914, 1000003, 310.35, 55.86, 366.21, 'lima', 999999999, 11111100000, 'formal', '2023-07-03'),
(100000041, 100000002, 75325864, 1000005, 1567.2, 282.1, 1849.3, 'lima', 999999999, 11111100000, 'formal', '2023-07-03'),
(100000042, 100000002, 84956857, 1000001, 528.99, 95.22, 624.21, 'lima', 999999999, 11111100000, 'formal', '2023-07-03'),
(100000045, 100000002, 75325864, 1000007, 1271.65, 228.9, 1500.55, 'lima', 999999999, 11111100000, 'formal', '2023-07-04'),
(100000046, 100000002, 25836914, 1000001, 618.09, 111.26, 729.35, 'lima', 999999999, 11111100000, 'formal', '2023-07-04'),
(100000047, 100000002, 75325864, 1000003, 417.86, 75.21, 493.07, 'lima', 999999999, 11111100000, 'formal', '2023-07-04'),
(100000048, 100000002, 85236914, 1000007, 872.38, 157.03, 1029.41, 'lima', 999999999, 11111100000, 'formal', '2023-07-04'),
(100000049, 100000002, 75325864, 1000005, 387.51, 69.75, 457.26, 'lima', 999999999, 11111100000, 'formal', '2023-07-04'),
(100000050, 100000002, 85236914, 1000001, 330.51, 59.49, 390, 'lima', 999999999, 11111100000, 'formal', '2023-07-04'),
(100000051, 100000002, 84956857, 1000004, 497.26, 89.51, 586.77, 'lima', 999999999, 11111100000, 'formal', '2023-07-05'),
(100000052, 100000002, 25836914, 1000003, 999.05, 179.83, 1178.88, 'lima', 999999999, 11111100000, 'formal', '2023-07-05'),
(100000053, 100000002, 85236914, 1000002, 842.47, 151.64, 994.11, 'lima', 999999999, 11111100000, 'formal', '2023-07-05'),
(100000054, 100000002, 84956857, 1000005, 685.97, 123.47, 809.44, 'lima', 999999999, 11111100000, 'formal', '2023-07-05'),
(100000055, 100000002, 84956857, 1000001, 2180.72, 392.53, 2573.25, 'lima', 999999999, 11111100000, 'formal', '2023-07-05'),
(100000056, 100000002, 84956857, 1000002, 1433.97, 258.11, 1692.08, 'lima', 999999999, 11111100000, 'formal', '2023-07-05'),
(100000057, 100000002, 85236914, 1000001, 1772.45, 319.04, 2091.49, 'lima', 999999999, 11111100000, 'formal', '2023-07-05'),
(100000058, 100000002, 74852535, 1000004, 595.67, 107.22, 702.89, 'lima', 999999999, 11111100000, 'formal', '2023-07-06'),
(100000059, 100000002, 75967363, 1000002, 1778.14, 320.07, 2098.21, 'lima', 999999999, 11111100000, 'formal', '2023-07-06'),
(100000060, 100000002, 25836914, 1000002, 768.42, 138.32, 906.74, 'lima', 999999999, 11111100000, 'formal', '2023-07-06'),
(100000061, 100000002, 84956857, 1000004, 641.26, 115.43, 756.69, 'lima', 999999999, 11111100000, 'formal', '2023-07-06'),
(100000062, 100000002, 84956857, 1000006, 1903.4, 342.61, 2246.01, 'lima', 999999999, 11111100000, 'formal', '2023-07-06'),
(100000064, 100000002, 74852535, 1000004, 1671.18, 300.81, 1971.99, 'lima', 999999999, 11111100000, 'formal', '2023-07-06'),
(100000066, 100000002, 85236914, 1000006, 593.63, 106.85, 700.48, 'lima', 999999999, 11111100000, 'formal', '2023-07-07'),
(100000067, 100000002, 75967363, 1000002, 335.32, 60.36, 395.68, 'lima', 999999999, 11111100000, 'formal', '2023-07-07'),
(100000068, 100000002, 25836914, 1000005, 1469.05, 264.43, 1733.48, 'lima', 999999999, 11111100000, 'formal', '2023-07-07'),
(100000069, 100000002, 74852535, 1000003, 1062.45, 191.24, 1253.69, 'lima', 999999999, 11111100000, 'formal', '2023-07-07'),
(100000070, 100000002, 75325864, 1000007, 1466.99, 264.06, 1731.05, 'lima', 999999999, 11111100000, 'formal', '2023-07-07'),
(100000071, 100000002, 85236914, 1000007, 294.18, 52.95, 347.13, 'lima', 999999999, 11111100000, 'formal', '2023-07-07'),
(100000072, 100000002, 25836914, 1000005, 1014.64, 182.64, 1197.28, 'lima', 999999999, 11111100000, 'formal', '2023-07-08'),
(100000073, 100000002, 75967363, 1000002, 2062.22, 371.2, 2433.42, 'lima', 999999999, 11111100000, 'formal', '2023-07-08'),
(100000074, 100000002, 75325864, 1000005, 235.28, 42.35, 277.63, 'lima', 999999999, 11111100000, 'formal', '2023-07-08'),
(100000075, 100000002, 75967363, 1000001, 2004.85, 360.87, 2365.72, 'lima', 999999999, 11111100000, 'formal', '2023-07-08'),
(100000076, 100000002, 75325864, 1000006, 1777.73, 319.99, 2097.72, 'lima', 999999999, 11111100000, 'formal', '2023-07-08'),
(100000077, 100000002, 75967363, 1000003, 1934.36, 348.18, 2282.54, 'lima', 999999999, 11111100000, 'formal', '2023-07-08'),
(100000078, 100000002, 25836914, 1000001, 916.47, 164.96, 1081.43, 'lima', 999999999, 11111100000, 'formal', '2023-07-08'),
(100000079, 100000002, 75325864, 1000004, 364.1, 65.54, 429.64, 'lima', 999999999, 11111100000, 'formal', '2023-07-09'),
(100000080, 100000002, 75325864, 1000003, 543.51, 97.83, 641.34, 'lima', 999999999, 11111100000, 'formal', '2023-07-09'),
(100000081, 100000002, 84956857, 1000006, 590.71, 106.33, 697.04, 'lima', 999999999, 11111100000, 'formal', '2023-07-09'),
(100000082, 100000002, 75967363, 1000005, 966.65, 174, 1140.65, 'lima', 999999999, 11111100000, 'formal', '2023-07-09'),
(100000083, 100000002, 84956857, 1000007, 921.5, 165.87, 1087.37, 'lima', 999999999, 11111100000, 'formal', '2023-07-09'),
(100000084, 100000002, 25836914, 1000006, 1115.74, 200.83, 1316.57, 'lima', 999999999, 11111100000, 'formal', '2023-07-09'),
(100000085, 100000002, 84956857, 1000007, 542.22, 97.6, 639.82, 'lima', 999999999, 11111100000, 'formal', '2023-07-09'),
(100000086, 100000002, 74852535, 1000002, 1123.98, 202.32, 1326.3, 'lima', 999999999, 11111100000, 'formal', '2023-07-10'),
(100000087, 100000002, 25836914, 1000001, 1975.94, 355.67, 2331.61, 'lima', 999999999, 11111100000, 'formal', '2023-07-10'),
(100000088, 100000002, 25836914, 1000002, 2000.49, 360.09, 2360.58, 'lima', 999999999, 11111100000, 'formal', '2023-07-10'),
(100000089, 100000002, 74852535, 1000006, 1210.78, 217.94, 1428.72, 'lima', 999999999, 11111100000, 'formal', '2023-07-10'),
(100000090, 100000002, 25836914, 1000005, 1788.86, 321.99, 2110.85, 'lima', 999999999, 11111100000, 'formal', '2023-07-10'),
(100000091, 100000002, 75967363, 1000003, 809.09, 145.64, 954.73, 'lima', 999999999, 11111100000, 'formal', '2023-07-10'),
(100000092, 100000002, 84956857, 1000001, 320.78, 57.74, 378.52, 'lima', 999999999, 11111100000, 'formal', '2023-07-10'),
(100000093, 100000002, 74852535, 1000003, 818.06, 147.25, 965.31, 'lima', 999999999, 11111100000, 'formal', '2023-07-11'),
(100000094, 100000002, 75967363, 1000002, 1130.77, 203.54, 1334.31, 'lima', 999999999, 11111100000, 'formal', '2023-07-11'),
(100000095, 100000002, 84956857, 1000007, 1004.57, 180.82, 1185.39, 'lima', 999999999, 11111100000, 'formal', '2023-07-11'),
(100000096, 100000002, 25836914, 1000002, 1655.69, 298.02, 1953.71, 'lima', 999999999, 11111100000, 'formal', '2023-07-11'),
(100000097, 100000002, 84956857, 1000002, 579.65, 104.34, 683.99, 'lima', 999999999, 11111100000, 'formal', '2023-07-11'),
(100000098, 100000002, 75325864, 1000007, 1338.59, 240.95, 1579.54, 'lima', 999999999, 11111100000, 'formal', '2023-07-11'),
(100000100, 100000002, 74852535, 1000004, 531.04, 95.59, 626.63, 'lima', 999999999, 11111100000, 'formal', '2023-07-12'),
(100000101, 100000002, 85236914, 1000007, 1396.26, 251.33, 1647.59, 'lima', 999999999, 11111100000, 'formal', '2023-07-12'),
(100000102, 100000002, 75325864, 1000004, 1540.89, 277.36, 1818.25, 'lima', 999999999, 11111100000, 'formal', '2023-07-12'),
(100000103, 100000002, 85236914, 1000003, 651.96, 117.35, 769.31, 'lima', 999999999, 11111100000, 'formal', '2023-07-12'),
(100000104, 100000002, 74852535, 1000003, 814.28, 146.57, 960.85, 'lima', 999999999, 11111100000, 'formal', '2023-07-12'),
(100000105, 100000002, 74852535, 1000002, 334.84, 60.27, 395.11, 'lima', 999999999, 11111100000, 'formal', '2023-07-12'),
(100000106, 100000002, 75325864, 1000004, 1605.96, 289.07, 1895.03, 'lima', 999999999, 11111100000, 'formal', '2023-07-12'),
(100000107, 100000002, 74852535, 1000005, 557.79, 100.4, 658.19, 'lima', 999999999, 11111100000, 'formal', '2023-07-13'),
(100000108, 100000002, 85236914, 1000005, 1047.69, 188.58, 1236.27, 'lima', 999999999, 11111100000, 'formal', '2023-07-13'),
(100000109, 100000002, 25836914, 1000003, 354.84, 63.87, 418.71, 'lima', 999999999, 11111100000, 'formal', '2023-07-13'),
(100000110, 100000002, 84956857, 1000003, 937.04, 168.67, 1105.71, 'lima', 999999999, 11111100000, 'formal', '2023-07-13'),
(100000112, 100000002, 74852535, 1000007, 639.57, 115.12, 754.69, 'lima', 999999999, 11111100000, 'formal', '2023-07-13'),
(100000113, 100000002, 75325864, 1000005, 1607.89, 289.42, 1897.31, 'lima', 999999999, 11111100000, 'formal', '2023-07-13'),
(100000114, 100000002, 85236914, 1000002, 944.72, 170.05, 1114.77, 'lima', 999999999, 11111100000, 'formal', '2023-07-14'),
(100000115, 100000002, 75325864, 1000004, 502.57, 90.46, 593.03, 'lima', 999999999, 11111100000, 'formal', '2023-07-14'),
(100000116, 100000002, 85236914, 1000006, 702.97, 126.53, 829.5, 'lima', 999999999, 11111100000, 'formal', '2023-07-14'),
(100000117, 100000002, 74852535, 1000002, 875.82, 157.65, 1033.47, 'lima', 999999999, 11111100000, 'formal', '2023-07-14'),
(100000118, 100000002, 75325864, 1000003, 2042.57, 367.66, 2410.23, 'lima', 999999999, 11111100000, 'formal', '2023-07-14'),
(100000119, 100000002, 84956857, 1000001, 637.2, 114.7, 751.9, 'lima', 999999999, 11111100000, 'formal', '2023-07-14'),
(100000120, 100000002, 75967363, 1000002, 206.33, 37.14, 243.47, 'lima', 999999999, 11111100000, 'formal', '2023-07-14'),
(100000121, 100000002, 75325864, 1000001, 2108.63, 379.55, 2488.18, 'lima', 999999999, 11111100000, 'formal', '2023-07-15'),
(100000122, 100000002, 25836914, 1000002, 1185.84, 213.45, 1399.29, 'lima', 999999999, 11111100000, 'formal', '2023-07-15'),
(100000123, 100000002, 85236914, 1000004, 548.66, 98.76, 647.42, 'lima', 999999999, 11111100000, 'formal', '2023-07-15'),
(100000124, 100000002, 74852535, 1000005, 1097.46, 197.54, 1295, 'lima', 999999999, 11111100000, 'formal', '2023-07-15'),
(100000125, 100000002, 25836914, 1000002, 511.63, 92.09, 603.72, 'lima', 999999999, 11111100000, 'formal', '2023-07-15'),
(100000126, 100000002, 85236914, 1000005, 919.7, 165.55, 1085.25, 'lima', 999999999, 11111100000, 'formal', '2023-07-15'),
(100000127, 100000002, 85236914, 1000006, 788.02, 141.84, 929.86, 'lima', 999999999, 11111100000, 'formal', '2023-07-15'),
(100000128, 100000002, 75325864, 1000001, 2190.07, 394.21, 2584.28, 'lima', 999999999, 11111100000, 'formal', '2023-07-16'),
(100000129, 100000002, 84956857, 1000005, 304.06, 54.73, 358.79, 'lima', 999999999, 11111100000, 'formal', '2023-07-16'),
(100000130, 100000002, 85236914, 1000001, 967.86, 174.21, 1142.07, 'lima', 999999999, 11111100000, 'formal', '2023-07-16'),
(100000131, 100000002, 74852535, 1000002, 1110.84, 199.95, 1310.79, 'lima', 999999999, 11111100000, 'formal', '2023-07-16'),
(100000132, 100000002, 84956857, 1000001, 2048.56, 368.74, 2417.3, 'lima', 999999999, 11111100000, 'formal', '2023-07-16'),
(100000133, 100000002, 25836914, 1000001, 1234.28, 222.17, 1456.45, 'lima', 999999999, 11111100000, 'formal', '2023-07-16'),
(100000135, 100000002, 74852535, 1000005, 876.14, 157.71, 1033.85, 'lima', 999999999, 11111100000, 'formal', '2023-07-17'),
(100000136, 100000002, 75325864, 1000003, 423.54, 76.24, 499.78, 'lima', 999999999, 11111100000, 'formal', '2023-07-17'),
(100000137, 100000002, 75967363, 1000006, 1401.6, 252.29, 1653.89, 'lima', 999999999, 11111100000, 'formal', '2023-07-17'),
(100000138, 100000002, 74852535, 1000004, 1842.3, 331.61, 2173.91, 'lima', 999999999, 11111100000, 'formal', '2023-07-17'),
(100000139, 100000002, 74852535, 1000002, 804.9, 144.88, 949.78, 'lima', 999999999, 11111100000, 'formal', '2023-07-17'),
(100000140, 100000002, 85236914, 1000006, 1181.22, 212.62, 1393.84, 'lima', 999999999, 11111100000, 'formal', '2023-07-17'),
(100000142, 100000002, 25836914, 1000007, 2159.48, 388.71, 2548.19, 'lima', 999999999, 11111100000, 'formal', '2023-07-18'),
(100000143, 100000002, 84956857, 1000004, 1843.68, 331.86, 2175.54, 'lima', 999999999, 11111100000, 'formal', '2023-07-18'),
(100000144, 100000002, 25836914, 1000003, 1127.12, 202.88, 1330, 'lima', 999999999, 11111100000, 'formal', '2023-07-18'),
(100000145, 100000002, 25836914, 1000003, 1507.93, 271.43, 1779.36, 'lima', 999999999, 11111100000, 'formal', '2023-07-18'),
(100000146, 100000002, 85236914, 1000006, 1815.45, 326.78, 2142.23, 'lima', 999999999, 11111100000, 'formal', '2023-07-18'),
(100000147, 100000002, 75967363, 1000002, 1107.55, 199.36, 1306.91, 'lima', 999999999, 11111100000, 'formal', '2023-07-18'),
(100000148, 100000002, 75325864, 1000002, 401.32, 72.24, 473.56, 'lima', 999999999, 11111100000, 'formal', '2023-07-18'),
(100000150, 100000002, 75325864, 1000007, 270.63, 48.71, 319.34, 'lima', 999999999, 11111100000, 'formal', '2023-07-19'),
(100000151, 100000002, 75325864, 1000006, 1164.52, 209.61, 1374.13, 'lima', 999999999, 11111100000, 'formal', '2023-07-19'),
(100000152, 100000002, 84956857, 1000002, 1276.11, 229.7, 1505.81, 'lima', 999999999, 11111100000, 'formal', '2023-07-19'),
(100000153, 100000002, 75967363, 1000002, 1058.29, 190.49, 1248.78, 'lima', 999999999, 11111100000, 'formal', '2023-07-19'),
(100000154, 100000002, 84956857, 1000003, 2192.47, 394.64, 2587.11, 'lima', 999999999, 11111100000, 'formal', '2023-07-19'),
(100000155, 100000002, 25836914, 1000005, 359.28, 64.67, 423.95, 'lima', 999999999, 11111100000, 'formal', '2023-07-19'),
(100000156, 100000002, 84956857, 1000005, 1109.13, 199.64, 1308.77, 'lima', 999999999, 11111100000, 'formal', '2023-07-20'),
(100000157, 100000002, 25836914, 1000006, 1121.49, 201.87, 1323.36, 'lima', 999999999, 11111100000, 'formal', '2023-07-20'),
(100000158, 100000002, 74852535, 1000004, 335.73, 60.43, 396.16, 'lima', 999999999, 11111100000, 'formal', '2023-07-20'),
(100000159, 100000002, 74852535, 1000007, 834.71, 150.25, 984.96, 'lima', 999999999, 11111100000, 'formal', '2023-07-20'),
(100000160, 100000002, 75967363, 1000002, 696.36, 125.34, 821.7, 'lima', 999999999, 11111100000, 'formal', '2023-07-20'),
(100000161, 100000002, 74852535, 1000003, 2190.23, 394.24, 2584.47, 'lima', 999999999, 11111100000, 'formal', '2023-07-20'),
(100000162, 100000002, 25836914, 1000007, 843.52, 151.83, 995.35, 'lima', 999999999, 11111100000, 'formal', '2023-07-20'),
(100000163, 100000002, 74852535, 1000003, 324.22, 58.36, 382.58, 'lima', 999999999, 11111100000, 'formal', '2023-07-21'),
(100000164, 100000002, 75325864, 1000002, 2165.88, 389.86, 2555.74, 'lima', 999999999, 11111100000, 'formal', '2023-07-21'),
(100000165, 100000002, 74852535, 1000004, 2195.2, 395.14, 2590.34, 'lima', 999999999, 11111100000, 'formal', '2023-07-21'),
(100000166, 100000002, 25836914, 1000007, 735.65, 132.42, 868.07, 'lima', 999999999, 11111100000, 'formal', '2023-07-21'),
(100000167, 100000002, 25836914, 1000003, 687.94, 123.83, 811.77, 'lima', 999999999, 11111100000, 'formal', '2023-07-21'),
(100000168, 100000002, 75325864, 1000003, 205.07, 36.91, 241.98, 'lima', 999999999, 11111100000, 'formal', '2023-07-21'),
(100000170, 100000002, 84956857, 1000002, 909, 163.62, 1072.62, 'lima', 999999999, 11111100000, 'formal', '2023-07-22'),
(100000171, 100000002, 85236914, 1000004, 795.88, 143.26, 939.14, 'lima', 999999999, 11111100000, 'formal', '2023-07-22'),
(100000172, 100000002, 75325864, 1000001, 465.63, 83.81, 549.44, 'lima', 999999999, 11111100000, 'formal', '2023-07-22'),
(100000173, 100000002, 75325864, 1000004, 652.47, 117.44, 769.91, 'lima', 999999999, 11111100000, 'formal', '2023-07-22'),
(100000176, 100000002, 84956857, 1000006, 793.9, 142.9, 936.8, 'lima', 999999999, 11111100000, 'formal', '2023-07-22'),
(100000177, 100000002, 74852535, 1000005, 927.07, 166.87, 1093.94, 'lima', 999999999, 11111100000, 'formal', '2023-07-23'),
(100000179, 100000002, 25836914, 1000002, 895.51, 161.19, 1056.7, 'lima', 999999999, 11111100000, 'formal', '2023-07-23'),
(100000180, 100000002, 75325864, 1000006, 395.87, 71.26, 467.13, 'lima', 999999999, 11111100000, 'formal', '2023-07-23'),
(100000181, 100000002, 75325864, 1000001, 1035.43, 186.38, 1221.81, 'lima', 999999999, 11111100000, 'formal', '2023-07-23'),
(100000183, 100000002, 85236914, 1000005, 542.83, 97.71, 640.54, 'lima', 999999999, 11111100000, 'formal', '2023-07-23'),
(100000184, 100000002, 74852535, 1000003, 544.54, 98.02, 642.56, 'lima', 999999999, 11111100000, 'formal', '2023-07-24'),
(100000186, 100000002, 74852535, 1000001, 734.16, 132.15, 866.31, 'lima', 999999999, 11111100000, 'formal', '2023-07-24'),
(100000187, 100000002, 85236914, 1000005, 233.94, 42.11, 276.05, 'lima', 999999999, 11111100000, 'formal', '2023-07-24'),
(100000189, 100000002, 85236914, 1000007, 642.74, 115.69, 758.43, 'lima', 999999999, 11111100000, 'formal', '2023-07-24'),
(100000190, 100000002, 75325864, 1000001, 836.39, 150.55, 986.94, 'lima', 999999999, 11111100000, 'formal', '2023-07-24'),
(100000191, 100000002, 25836914, 1000001, 271.07, 48.79, 319.86, 'lima', 999999999, 11111100000, 'formal', '2023-07-25'),
(100000192, 100000002, 25836914, 1000002, 265.73, 47.83, 313.56, 'lima', 999999999, 11111100000, 'formal', '2023-07-25'),
(100000193, 100000002, 75967363, 1000006, 259.85, 46.77, 306.62, 'lima', 999999999, 11111100000, 'formal', '2023-07-25'),
(100000194, 100000002, 75325864, 1000002, 1490.47, 268.28, 1758.75, 'lima', 999999999, 11111100000, 'formal', '2023-07-25'),
(100000195, 100000002, 75325864, 1000007, 668.6, 120.35, 788.95, 'lima', 999999999, 11111100000, 'formal', '2023-07-25'),
(100000196, 100000002, 84956857, 1000007, 1024.38, 184.39, 1208.77, 'lima', 999999999, 11111100000, 'formal', '2023-07-25'),
(100000197, 100000002, 84956857, 1000003, 873.92, 157.31, 1031.23, 'lima', 999999999, 11111100000, 'formal', '2023-07-25'),
(100000198, 100000002, 85236914, 1000007, 2068.74, 372.37, 2441.11, 'lima', 999999999, 11111100000, 'formal', '2023-07-26'),
(100000199, 100000002, 75967363, 1000005, 1182.36, 212.82, 1395.18, 'lima', 999999999, 11111100000, 'formal', '2023-07-26'),
(100000200, 100000002, 75967363, 1000004, 1266.69, 228, 1494.69, 'lima', 999999999, 11111100000, 'formal', '2023-07-26'),
(100000201, 100000002, 75967363, 1000006, 286.66, 51.6, 338.26, 'lima', 999999999, 11111100000, 'formal', '2023-07-26'),
(100000202, 100000002, 75325864, 1000007, 1033.32, 186, 1219.32, 'lima', 999999999, 11111100000, 'formal', '2023-07-26'),
(100000203, 100000002, 25836914, 1000002, 723.14, 130.17, 853.31, 'lima', 999999999, 11111100000, 'formal', '2023-07-26'),
(100000205, 100000002, 84956857, 1000003, 225.47, 40.58, 266.05, 'lima', 999999999, 11111100000, 'formal', '2023-07-27'),
(100000206, 100000002, 85236914, 1000001, 1143.67, 205.86, 1349.53, 'lima', 999999999, 11111100000, 'formal', '2023-07-27'),
(100000207, 100000002, 84956857, 1000004, 203.12, 36.56, 239.68, 'lima', 999999999, 11111100000, 'formal', '2023-07-27'),
(100000208, 100000002, 85236914, 1000006, 388.9, 70, 458.9, 'lima', 999999999, 11111100000, 'formal', '2023-07-27'),
(100000209, 100000002, 25836914, 1000007, 1359.51, 244.71, 1604.22, 'lima', 999999999, 11111100000, 'formal', '2023-07-27'),
(100000210, 100000002, 85236914, 1000001, 420.89, 75.76, 496.65, 'lima', 999999999, 11111100000, 'formal', '2023-07-27'),
(100000211, 100000002, 25836914, 1000003, 1130.35, 203.46, 1333.81, 'lima', 999999999, 11111100000, 'formal', '2023-07-27'),
(100000212, 100000002, 25836914, 1000002, 235.53, 42.4, 277.93, 'lima', 999999999, 11111100000, 'formal', '2023-07-28'),
(100000213, 100000002, 25836914, 1000003, 317.78, 57.2, 374.98, 'lima', 999999999, 11111100000, 'formal', '2023-07-28'),
(100000214, 100000002, 84956857, 1000006, 914.7, 164.65, 1079.35, 'lima', 999999999, 11111100000, 'formal', '2023-07-28'),
(100000215, 100000002, 85236914, 1000004, 392.3, 70.61, 462.91, 'lima', 999999999, 11111100000, 'formal', '2023-07-28'),
(100000216, 100000002, 74852535, 1000003, 1282.66, 230.88, 1513.54, 'lima', 999999999, 11111100000, 'formal', '2023-07-28'),
(100000217, 100000002, 75967363, 1000002, 1335.35, 240.36, 1575.71, 'lima', 999999999, 11111100000, 'formal', '2023-07-28'),
(100000218, 100000002, 25836914, 1000004, 368.15, 66.27, 434.42, 'lima', 999999999, 11111100000, 'formal', '2023-07-28'),
(100000219, 100000002, 84956857, 1000002, 1619.89, 291.58, 1911.47, 'lima', 999999999, 11111100000, 'formal', '2023-07-29'),
(100000221, 100000002, 75325864, 1000003, 431.29, 77.63, 508.92, 'lima', 999999999, 11111100000, 'formal', '2023-07-29'),
(100000222, 100000002, 25836914, 1000002, 1943.54, 349.84, 2293.38, 'lima', 999999999, 11111100000, 'formal', '2023-07-29'),
(100000223, 100000002, 75325864, 1000004, 878.15, 158.07, 1036.22, 'lima', 999999999, 11111100000, 'formal', '2023-07-29'),
(100000224, 100000002, 85236914, 1000006, 561.66, 101.1, 662.76, 'lima', 999999999, 11111100000, 'formal', '2023-07-29'),
(100000225, 100000002, 75967363, 1000006, 469.23, 84.46, 553.69, 'lima', 999999999, 11111100000, 'formal', '2023-07-29'),
(100000226, 100000002, 74852535, 1000007, 1243.24, 223.78, 1467.02, 'lima', 999999999, 11111100000, 'formal', '2023-07-30'),
(100000227, 100000002, 75967363, 1000003, 367.79, 66.2, 433.99, 'lima', 999999999, 11111100000, 'formal', '2023-07-30'),
(100000228, 100000002, 75967363, 1000003, 860.19, 154.83, 1015.02, 'lima', 999999999, 11111100000, 'formal', '2023-07-30'),
(100000229, 100000002, 75325864, 1000005, 1942.72, 349.69, 2292.41, 'lima', 999999999, 11111100000, 'formal', '2023-07-30'),
(100000230, 100000002, 85236914, 1000003, 539.22, 97.06, 636.28, 'lima', 999999999, 11111100000, 'formal', '2023-07-30'),
(100000231, 100000002, 85236914, 1000005, 278.37, 50.11, 328.48, 'lima', 999999999, 11111100000, 'formal', '2023-07-30'),
(100000232, 100000002, 75967363, 1000006, 996.76, 179.42, 1176.18, 'lima', 999999999, 11111100000, 'formal', '2023-07-30'),
(100000233, 100000002, 84956857, 1000004, 1109.32, 199.68, 1309, 'lima', 999999999, 11111100000, 'formal', '2023-07-31'),
(100000234, 100000002, 85236914, 1000002, 575.82, 103.65, 679.47, 'lima', 999999999, 11111100000, 'formal', '2023-07-31'),
(100000235, 100000002, 84956857, 1000005, 260.37, 46.87, 307.24, 'lima', 999999999, 11111100000, 'formal', '2023-07-31'),
(100000236, 100000002, 84956857, 1000002, 2009.89, 361.78, 2371.67, 'lima', 999999999, 11111100000, 'formal', '2023-07-31'),
(100000237, 100000002, 25836914, 1000006, 1312.21, 236.2, 1548.41, 'lima', 999999999, 11111100000, 'formal', '2023-07-31'),
(100000238, 100000002, 75325864, 1000006, 1690.54, 304.3, 1994.84, 'lima', 999999999, 11111100000, 'formal', '2023-07-31'),
(100000239, 100000002, 84956857, 1000004, 348.05, 62.65, 410.7, 'lima', 999999999, 11111100000, 'formal', '2023-07-31');

-- --------------------------------------------------------

--
-- Estructura de tabla para la tabla `historial_suministro`
--

CREATE TABLE `historial_suministro` (
  `id_historial` int(11) NOT NULL,
  `id_suministro` int(11) NOT NULL,
  `nombre` varchar(100) COLLATE utf8_spanish_ci NOT NULL,
  `cantidad_agregada` int(11) NOT NULL,
  `cantidad_quitada` int(11) NOT NULL,
  `fecha_actualizacion` date NOT NULL
) ENGINE=InnoDB DEFAULT CHARSET=utf8 COLLATE=utf8_spanish_ci;

--
-- Volcado de datos para la tabla `historial_suministro`
--

INSERT INTO `historial_suministro` (`id_historial`, `id_suministro`, `nombre`, `cantidad_agregada`, `cantidad_quitada`, `fecha_actualizacion`) VALUES
(10000002, 100001, 'Carne Argentina', 22, 0, '2023-07-16'),
(10000003, 100005, 'Carne de Cerdo', 33, 0, '2023-07-02'),
(10000004, 100001, 'Carne Argentina', 33, 0, '2023-07-15'),
(10000005, 100002, 'Harina', 11, 0, '2023-07-15'),
(10000006, 100007, 'Vinagre De Vino Tinto', 11, 0, '2023-07-15'),
(10000012, 100000, 'Aceite', 40, 20, '2023-07-30'),
(10000013, 100003, 'Entraña', 50, 0, '2023-07-15'),
(10000014, 100000, 'Aceite', 50, 60, '2023-07-15'),
(10000015, 100000, 'Aceite', 10, 0, '2023-07-14'),
(10000016, 100000, 'Aceite', 50, 10, '2023-07-15');

-- --------------------------------------------------------

--
-- Estructura de tabla para la tabla `lista`
--

CREATE TABLE `lista` (
  `idLista` int(10) NOT NULL,
  `idPedido` int(9) DEFAULT NULL,
  `idProducto` int(4) DEFAULT NULL,
  `Cantidad` int(11) NOT NULL,
  `Descripcion` varchar(500) NOT NULL,
  `idEncargado` int(6) NOT NULL,
  `Estado` int(2) NOT NULL
) ENGINE=InnoDB DEFAULT CHARSET=utf8mb4;

--
-- Volcado de datos para la tabla `lista`
--

INSERT INTO `lista` (`idLista`, `idPedido`, `idProducto`, `Cantidad`, `Descripcion`, `idEncargado`, `Estado`) VALUES
(1000000000, 100000000, 2015, 1, 'Normal', 76513439, 14),
(1000000001, 100000000, 2018, 1, 'Normal', 10000000, 10),
(1000000002, 100000001, 2021, 1, 'Con bastante salsa', 10000000, 10),
(1000000003, 100000001, 2009, 2, '1.poca sal\r\n2.Normal', 10000000, 10),
(1000000004, 100000002, 1001, 1, 'Normal Abundado', 10000000, 10),
(1000000005, 100000002, 2013, 1, 'Bien cocinada', 10000000, 10),
(1000000006, 100000003, 2009, 2, '1 Y 2 Poca sal', 10000000, 10),
(1000000007, 100000001, 4000, 1, '6 integrantes', 25836947, 11),
(1000000008, 100000002, 4009, 1, '6 integrantes', 10000000, 10),
(1000000009, 100000003, 5002, 3, '1- poco azúcar 2-poco café 3-normal', 45612135, 11),
(1000000010, 100000003, 4005, 1, '3 integrantes', 10000000, 10),
(1000000011, 100000004, 5009, 2, 'normales', 45612135, 14),
(1000000012, 100000004, 5003, 2, '1-2.poca mantequilla', 10000000, 10),
(1000000013, 100000004, 4006, 1, '4 integrantes', 10000000, 10),
(1000000014, 100000005, 4008, 1, '6 integrantes', 10000000, 10),
(1000000015, 100000005, 5005, 3, 'Todos normales', 10000000, 10),
(1000000016, 100000005, 5001, 3, 'todos poco azúcar', 10000000, 10),
(1000000017, 100000006, 2001, 4, 'Salado', 10000000, 10),
(1000000018, 100000007, 2013, 3, 'asd', 10000000, 10),
(1000000019, 100000008, 2018, 3, 'Poca grasa', 65432158, 14),
(1000000020, 100000009, 5000, 1, 'Normal', 10000000, 10),
(1000000021, 100000009, 2009, 1, 'Normal', 10000000, 10),
(1000000022, 100000010, 3008, 1, 'Normal', 10000000, 10),
(1000000023, 100000010, 3009, 1, 'Normal', 10000000, 10),
(1000000024, 100000010, 3005, 1, 'Normal', 10000000, 10),
(1000000025, 100000011, 3003, 1, 'Normal', 10000000, 10),
(1000000026, 100000011, 2003, 1, 'Normal', 10000000, 10),
(1000000027, 100000012, 1006, 1, 'Normal', 10000000, 10),
(1000000028, 100000013, 1005, 1, 'Normal', 10000000, 10),
(1000000029, 100000014, 4001, 1, 'Normal', 10000000, 10),
(1000000030, 100000014, 5001, 1, 'Normal', 10000000, 10),
(1000000031, 100000015, 4002, 1, 'Normal', 10000000, 10),
(1000000032, 100000016, 2002, 1, 'Normal', 10000000, 10),
(1000000033, 100000017, 3007, 1, 'Normal', 10000000, 10),
(1000000034, 100000017, 4000, 1, 'Normal', 10000000, 10),
(1000000035, 100000017, 1002, 1, 'Normal', 10000000, 10),
(1000000036, 100000018, 5005, 1, 'Normal', 10000000, 10),
(1000000037, 100000018, 1007, 1, 'Normal', 10000000, 10),
(1000000038, 100000019, 1007, 1, 'Normal', 10000000, 10),
(1000000039, 100000020, 5003, 1, 'Normal', 10000000, 10),
(1000000040, 100000020, 5003, 1, 'Normal', 10000000, 10),
(1000000041, 100000020, 2008, 1, 'Normal', 10000000, 10),
(1000000042, 100000021, 3006, 1, 'Normal', 10000000, 10),
(1000000043, 100000021, 5009, 1, 'Normal', 10000000, 10),
(1000000044, 100000021, 1002, 1, 'Normal', 10000000, 10),
(1000000045, 100000022, 1002, 1, 'Normal', 10000000, 10),
(1000000046, 100000022, 5000, 1, 'Normal', 10000000, 10),
(1000000047, 100000022, 5002, 1, 'Normal', 10000000, 10),
(1000000049, 100000024, 2005, 1, 'Normal', 10000000, 10),
(1000000050, 100000024, 1000, 1, 'Normal', 10000000, 10),
(1000000051, 100000024, 4002, 1, 'Normal', 10000000, 10),
(1000000052, 100000025, 1008, 1, 'Normal', 10000000, 10),
(1000000055, 100000027, 2001, 1, 'Normal', 10000000, 10),
(1000000056, 100000027, 1003, 1, 'Normal', 10000000, 10),
(1000000057, 100000027, 5009, 1, 'Normal', 10000000, 10),
(1000000058, 100000028, 2007, 1, 'Normal', 10000000, 10),
(1000000062, 100000030, 3007, 1, 'Normal', 10000000, 10),
(1000000063, 100000030, 3007, 1, 'Normal', 10000000, 10),
(1000000064, 100000031, 2008, 1, 'Normal', 10000000, 10),
(1000000065, 100000032, 2007, 1, 'Normal', 10000000, 10),
(1000000066, 100000033, 3002, 1, 'Normal', 10000000, 10),
(1000000067, 100000033, 1003, 1, 'Normal', 10000000, 10),
(1000000068, 100000033, 3005, 1, 'Normal', 10000000, 10),
(1000000069, 100000034, 1002, 1, 'Normal', 10000000, 10),
(1000000073, 100000036, 3008, 1, 'Normal', 10000000, 10),
(1000000074, 100000036, 1002, 1, 'Normal', 10000000, 10),
(1000000075, 100000036, 3006, 1, 'Normal', 10000000, 10),
(1000000076, 100000037, 4000, 1, 'Normal', 10000000, 10),
(1000000077, 100000037, 3004, 1, 'Normal', 10000000, 10),
(1000000078, 100000038, 5007, 1, 'Normal', 10000000, 10),
(1000000079, 100000038, 5008, 1, 'Normal', 10000000, 10),
(1000000080, 100000038, 2008, 1, 'Normal', 10000000, 10),
(1000000081, 100000039, 1008, 1, 'Normal', 10000000, 10),
(1000000082, 100000040, 2001, 1, 'Normal', 10000000, 10),
(1000000083, 100000041, 2007, 1, 'Normal', 10000000, 10),
(1000000084, 100000041, 5009, 1, 'Normal', 10000000, 10),
(1000000085, 100000041, 4000, 1, 'Normal', 10000000, 10),
(1000000086, 100000042, 3002, 1, 'Normal', 10000000, 10),
(1000000087, 100000042, 1006, 1, 'Normal', 10000000, 10),
(1000000088, 100000042, 1007, 1, 'Normal', 10000000, 10),
(1000000089, 100000043, 3005, 1, 'Normal', 10000000, 10),
(1000000090, 100000044, 4007, 1, 'Normal', 10000000, 10),
(1000000091, 100000044, 2006, 1, 'Normal', 10000000, 10),
(1000000092, 100000044, 4003, 1, 'Normal', 10000000, 10),
(1000000093, 100000045, 5008, 1, 'Normal', 10000000, 10),
(1000000094, 100000045, 1005, 1, 'Normal', 10000000, 10),
(1000000095, 100000045, 3002, 1, 'Normal', 10000000, 10),
(1000000096, 100000046, 2001, 1, 'Normal', 10000000, 10),
(1000000097, 100000047, 4008, 1, 'Normal', 10000000, 10),
(1000000098, 100000047, 3000, 1, 'Normal', 10000000, 10),
(1000000099, 100000047, 1007, 1, 'Normal', 10000000, 10),
(1000000100, 100000048, 1003, 1, 'Normal', 10000000, 10),
(1000000101, 100000049, 5002, 1, 'Normal', 10000000, 10),
(1000000102, 100000049, 4009, 1, 'Normal', 10000000, 10),
(1000000103, 100000050, 3007, 1, 'Normal', 10000000, 10),
(1000000104, 100000050, 1002, 1, 'Normal', 10000000, 10),
(1000000105, 100000051, 4007, 1, 'Normal', 10000000, 10),
(1000000106, 100000051, 4005, 1, 'Normal', 10000000, 10),
(1000000107, 100000051, 5008, 1, 'Normal', 10000000, 10),
(1000000108, 100000052, 3004, 1, 'Normal', 10000000, 10),
(1000000109, 100000053, 1000, 1, 'Normal', 10000000, 10),
(1000000110, 100000053, 3008, 1, 'Normal', 10000000, 10),
(1000000111, 100000053, 2001, 1, 'Normal', 10000000, 10),
(1000000112, 100000054, 3001, 1, 'Normal', 10000000, 10),
(1000000113, 100000055, 5007, 1, 'Normal', 10000000, 10),
(1000000114, 100000056, 5008, 1, 'Normal', 10000000, 10),
(1000000115, 100000056, 3006, 1, 'Normal', 10000000, 10),
(1000000116, 100000056, 5008, 1, 'Normal', 10000000, 10),
(1000000117, 100000057, 2007, 1, 'Normal', 10000000, 10),
(1000000118, 100000057, 5009, 1, 'Normal', 10000000, 10),
(1000000119, 100000058, 1003, 1, 'Normal', 10000000, 10),
(1000000120, 100000059, 2006, 1, 'Normal', 10000000, 10),
(1000000121, 100000059, 2008, 1, 'Normal', 10000000, 10),
(1000000122, 100000060, 1004, 1, 'Normal', 10000000, 10),
(1000000123, 100000061, 3006, 1, 'Normal', 10000000, 10),
(1000000124, 100000062, 5008, 1, 'Normal', 10000000, 10),
(1000000125, 100000062, 3004, 1, 'Normal', 10000000, 10),
(1000000126, 100000062, 3004, 1, 'Normal', 10000000, 10),
(1000000127, 100000063, 3001, 1, 'Normal', 10000000, 10),
(1000000128, 100000064, 4003, 1, 'Normal', 10000000, 10),
(1000000129, 100000064, 4005, 1, 'Normal', 10000000, 10),
(1000000130, 100000065, 1007, 1, 'Normal', 10000000, 10),
(1000000131, 100000066, 4002, 1, 'Normal', 10000000, 10),
(1000000134, 100000068, 3009, 1, 'Normal', 10000000, 10),
(1000000135, 100000069, 4009, 1, 'Normal', 10000000, 10),
(1000000136, 100000069, 1007, 1, 'Normal', 10000000, 10),
(1000000137, 100000069, 1001, 1, 'Normal', 10000000, 10),
(1000000138, 100000070, 1009, 1, 'Normal', 10000000, 10),
(1000000139, 100000070, 5002, 1, 'Normal', 10000000, 10),
(1000000140, 100000071, 4008, 1, 'Normal', 10000000, 10),
(1000000141, 100000071, 4003, 1, 'Normal', 10000000, 10),
(1000000142, 100000072, 3000, 1, 'Normal', 10000000, 10),
(1000000143, 100000072, 2005, 1, 'Normal', 10000000, 10),
(1000000144, 100000073, 2009, 1, 'Normal', 10000000, 10),
(1000000145, 100000074, 4009, 1, 'Normal', 10000000, 10),
(1000000146, 100000075, 5001, 1, 'Normal', 10000000, 10),
(1000000147, 100000076, 2006, 1, 'Normal', 10000000, 10),
(1000000148, 100000076, 5000, 1, 'Normal', 10000000, 10),
(1000000149, 100000076, 5001, 1, 'Normal', 10000000, 10),
(1000000150, 100000077, 5006, 1, 'Normal', 10000000, 10),
(1000000153, 100000079, 2007, 1, 'Normal', 10000000, 10),
(1000000154, 100000079, 5007, 1, 'Normal', 10000000, 10),
(1000000155, 100000080, 1009, 1, 'Normal', 10000000, 10),
(1000000156, 100000080, 1005, 1, 'Normal', 10000000, 10),
(1000000157, 100000080, 3006, 1, 'Normal', 10000000, 10),
(1000000158, 100000081, 3004, 1, 'Normal', 10000000, 10),
(1000000159, 100000081, 3008, 1, 'Normal', 10000000, 10),
(1000000160, 100000082, 5002, 1, 'Normal', 10000000, 10),
(1000000165, 100000085, 3006, 1, 'Normal', 10000000, 10),
(1000000166, 100000085, 4002, 1, 'Normal', 10000000, 10),
(1000000169, 100000087, 1004, 1, 'Normal', 10000000, 10),
(1000000170, 100000088, 4006, 1, 'Normal', 10000000, 10),
(1000000171, 100000088, 3001, 1, 'Normal', 10000000, 10),
(1000000172, 100000088, 5004, 1, 'Normal', 10000000, 10),
(1000000173, 100000089, 5003, 1, 'Normal', 10000000, 10),
(1000000174, 100000090, 1008, 1, 'Normal', 10000000, 10),
(1000000175, 100000091, 1005, 1, 'Normal', 10000000, 10),
(1000000176, 100000091, 3000, 1, 'Normal', 10000000, 10),
(1000000177, 100000091, 5005, 1, 'Normal', 10000000, 10),
(1000000178, 100000092, 1000, 1, 'Normal', 10000000, 10),
(1000000179, 100000092, 5009, 1, 'Normal', 10000000, 10),
(1000000180, 100000093, 1002, 1, 'Normal', 10000000, 10),
(1000000181, 100000093, 2007, 1, 'Normal', 10000000, 10),
(1000000183, 100000095, 3001, 1, 'Normal', 10000000, 10),
(1000000184, 100000095, 2006, 1, 'Normal', 10000000, 10),
(1000000185, 100000096, 4002, 1, 'Normal', 10000000, 10),
(1000000186, 100000096, 2000, 1, 'Normal', 10000000, 10),
(1000000187, 100000096, 2000, 1, 'Normal', 10000000, 10),
(1000000188, 100000097, 4004, 1, 'Normal', 10000000, 10),
(1000000189, 100000097, 5005, 1, 'Normal', 10000000, 10),
(1000000190, 100000097, 3001, 1, 'Normal', 10000000, 10),
(1000000191, 100000098, 1004, 1, 'Normal', 10000000, 10),
(1000000192, 100000098, 5001, 1, 'Normal', 10000000, 10),
(1000000193, 100000098, 5002, 1, 'Normal', 10000000, 10),
(1000000194, 100000099, 5003, 1, 'Normal', 10000000, 10),
(1000000195, 100000099, 5003, 1, 'Normal', 10000000, 10),
(1000000196, 100000099, 3009, 1, 'Normal', 10000000, 10),
(1000000197, 100000100, 3006, 1, 'Normal', 10000000, 10),
(1000000198, 100000100, 1002, 1, 'Normal', 10000000, 10),
(1000000199, 100000100, 4003, 1, 'Normal', 10000000, 10),
(1000000202, 100000102, 3003, 1, 'Normal', 10000000, 10),
(1000000203, 100000102, 2000, 1, 'Normal', 10000000, 10),
(1000000204, 100000102, 1008, 1, 'Normal', 10000000, 10),
(1000000205, 100000103, 3001, 1, 'Normal', 10000000, 10),
(1000000206, 100000103, 2008, 1, 'Normal', 10000000, 10),
(1000000207, 100000104, 3001, 1, 'Normal', 10000000, 10),
(1000000208, 100000104, 1002, 1, 'Normal', 10000000, 10),
(1000000209, 100000105, 2004, 1, 'Normal', 10000000, 10),
(1000000210, 100000105, 3000, 1, 'Normal', 10000000, 10),
(1000000211, 100000106, 1007, 1, 'Normal', 10000000, 10),
(1000000212, 100000106, 5001, 1, 'Normal', 10000000, 10),
(1000000213, 100000107, 5001, 1, 'Normal', 10000000, 10),
(1000000214, 100000107, 2007, 1, 'Normal', 10000000, 10),
(1000000215, 100000108, 5006, 1, 'Normal', 10000000, 10),
(1000000216, 100000109, 3007, 1, 'Normal', 10000000, 10),
(1000000217, 100000109, 2008, 1, 'Normal', 10000000, 10),
(1000000218, 100000110, 2003, 1, 'Normal', 10000000, 10),
(1000000219, 100000110, 3002, 1, 'Normal', 10000000, 10),
(1000000220, 100000110, 1001, 1, 'Normal', 10000000, 10),
(1000000221, 100000111, 4006, 1, 'Normal', 10000000, 10),
(1000000222, 100000111, 3007, 1, 'Normal', 10000000, 10),
(1000000226, 100000113, 5000, 1, 'Normal', 10000000, 10),
(1000000227, 100000113, 5009, 1, 'Normal', 10000000, 10),
(1000000228, 100000114, 4000, 1, 'Normal', 10000000, 10),
(1000000229, 100000115, 1003, 1, 'Normal', 10000000, 10),
(1000000230, 100000115, 2005, 1, 'Normal', 10000000, 10),
(1000000231, 100000116, 3008, 1, 'Normal', 10000000, 10),
(1000000232, 100000116, 4004, 1, 'Normal', 10000000, 10),
(1000000233, 100000117, 1002, 1, 'Normal', 10000000, 10),
(1000000234, 100000118, 1009, 1, 'Normal', 10000000, 10),
(1000000235, 100000119, 1004, 1, 'Normal', 10000000, 10),
(1000000238, 100000121, 2004, 1, 'Normal', 10000000, 10),
(1000000239, 100000121, 2005, 1, 'Normal', 10000000, 10),
(1000000240, 100000121, 1006, 1, 'Normal', 10000000, 10),
(1000000241, 100000122, 3008, 1, 'Normal', 10000000, 10),
(1000000242, 100000122, 2006, 1, 'Normal', 10000000, 10),
(1000000243, 100000123, 3007, 1, 'Normal', 10000000, 10),
(1000000244, 100000123, 1000, 1, 'Normal', 10000000, 10),
(1000000245, 100000124, 5009, 1, 'Normal', 10000000, 10),
(1000000246, 100000125, 4002, 1, 'Normal', 10000000, 10),
(1000000247, 100000125, 2004, 1, 'Normal', 10000000, 10),
(1000000248, 100000125, 5008, 1, 'Normal', 10000000, 10),
(1000000249, 100000126, 4000, 1, 'Normal', 10000000, 10),
(1000000250, 100000126, 5006, 1, 'Normal', 10000000, 10),
(1000000251, 100000127, 4007, 1, 'Normal', 10000000, 10),
(1000000252, 100000128, 1004, 1, 'Normal', 10000000, 10),
(1000000253, 100000128, 4005, 1, 'Normal', 10000000, 10),
(1000000254, 100000128, 3009, 1, 'Normal', 10000000, 10),
(1000000255, 100000129, 4002, 1, 'Normal', 10000000, 10),
(1000000256, 100000130, 1003, 1, 'Normal', 10000000, 10),
(1000000259, 100000132, 2006, 1, 'Normal', 10000000, 10),
(1000000260, 100000132, 5008, 1, 'Normal', 10000000, 10),
(1000000261, 100000133, 1001, 1, 'Normal', 10000000, 10),
(1000000262, 100000133, 1005, 1, 'Normal', 10000000, 10),
(1000000263, 100000133, 4004, 1, 'Normal', 10000000, 10),
(1000000264, 100000134, 1004, 1, 'Normal', 10000000, 10),
(1000000265, 100000134, 1003, 1, 'Normal', 10000000, 10),
(1000000266, 100000135, 5009, 1, 'Normal', 10000000, 10),
(1000000267, 100000135, 3002, 1, 'Normal', 10000000, 10),
(1000000268, 100000136, 4006, 1, 'Normal', 10000000, 10),
(1000000269, 100000136, 4000, 1, 'Normal', 10000000, 10),
(1000000270, 100000136, 5008, 1, 'Normal', 10000000, 10),
(1000000271, 100000137, 2002, 1, 'Normal', 10000000, 10),
(1000000272, 100000138, 2001, 1, 'Normal', 10000000, 10),
(1000000273, 100000138, 2008, 1, 'Normal', 10000000, 10),
(1000000274, 100000139, 2001, 1, 'Normal', 10000000, 10),
(1000000275, 100000139, 4003, 1, 'Normal', 10000000, 10),
(1000000276, 100000140, 3007, 1, 'Normal', 10000000, 10),
(1000000277, 100000140, 2000, 1, 'Normal', 10000000, 10),
(1000000278, 100000140, 2002, 1, 'Normal', 10000000, 10),
(1000000282, 100000142, 2000, 1, 'Normal', 10000000, 10),
(1000000283, 100000143, 1004, 1, 'Normal', 10000000, 10),
(1000000284, 100000143, 3005, 1, 'Normal', 10000000, 10),
(1000000285, 100000143, 4003, 1, 'Normal', 10000000, 10),
(1000000286, 100000144, 4006, 1, 'Normal', 10000000, 10),
(1000000287, 100000145, 5009, 1, 'Normal', 10000000, 10),
(1000000288, 100000145, 5008, 1, 'Normal', 10000000, 10),
(1000000289, 100000146, 4008, 1, 'Normal', 10000000, 10),
(1000000290, 100000147, 4006, 1, 'Normal', 10000000, 10),
(1000000291, 100000147, 1004, 1, 'Normal', 10000000, 10),
(1000000292, 100000148, 5000, 1, 'Normal', 10000000, 10),
(1000000293, 100000148, 5000, 1, 'Normal', 10000000, 10),
(1000000294, 100000149, 5002, 1, 'Normal', 10000000, 10),
(1000000295, 100000149, 4003, 1, 'Normal', 10000000, 10),
(1000000296, 100000149, 2006, 1, 'Normal', 10000000, 10),
(1000000297, 100000150, 2009, 1, 'Normal', 10000000, 10),
(1000000298, 100000150, 3007, 1, 'Normal', 10000000, 10),
(1000000299, 100000150, 3007, 1, 'Normal', 10000000, 10),
(1000000303, 100000152, 2004, 1, 'Normal', 10000000, 10),
(1000000304, 100000153, 3001, 1, 'Normal', 10000000, 10),
(1000000305, 100000154, 1001, 1, 'Normal', 10000000, 10),
(1000000309, 100000157, 2005, 1, 'Normal', 10000000, 10),
(1000000310, 100000157, 5002, 1, 'Normal', 10000000, 10),
(1000000312, 100000159, 4006, 1, 'Normal', 10000000, 10),
(1000000313, 100000159, 2006, 1, 'Normal', 10000000, 10),
(1000000314, 100000160, 5008, 1, 'Normal', 10000000, 10),
(1000000315, 100000160, 1003, 1, 'Normal', 10000000, 10),
(1000000316, 100000160, 5007, 1, 'Normal', 10000000, 10),
(1000000320, 100000162, 1000, 1, 'Normal', 10000000, 10),
(1000000321, 100000163, 5002, 1, 'Normal', 10000000, 10),
(1000000322, 100000163, 2009, 1, 'Normal', 10000000, 10),
(1000000323, 100000163, 3009, 1, 'Normal', 10000000, 10),
(1000000324, 100000164, 5004, 1, 'Normal', 10000000, 10),
(1000000325, 100000165, 4002, 1, 'Normal', 10000000, 10),
(1000000326, 100000165, 3005, 1, 'Normal', 10000000, 10),
(1000000327, 100000165, 3000, 1, 'Normal', 10000000, 10),
(1000000328, 100000166, 1007, 1, 'Normal', 10000000, 10),
(1000000329, 100000166, 4002, 1, 'Normal', 10000000, 10),
(1000000330, 100000166, 1003, 1, 'Normal', 10000000, 10),
(1000000331, 100000167, 2001, 1, 'Normal', 10000000, 10),
(1000000332, 100000168, 1001, 1, 'Normal', 10000000, 10),
(1000000333, 100000169, 3009, 1, 'Normal', 10000000, 10),
(1000000334, 100000169, 3008, 1, 'Normal', 10000000, 10),
(1000000335, 100000169, 3003, 1, 'Normal', 10000000, 10),
(1000000336, 100000170, 3005, 1, 'Normal', 10000000, 10),
(1000000337, 100000171, 2007, 1, 'Normal', 10000000, 10),
(1000000340, 100000173, 1008, 1, 'Normal', 10000000, 10),
(1000000341, 100000173, 5000, 1, 'Normal', 10000000, 10),
(1000000342, 100000174, 1003, 1, 'Normal', 10000000, 10),
(1000000343, 100000174, 2007, 1, 'Normal', 10000000, 10),
(1000000344, 100000174, 5001, 1, 'Normal', 10000000, 10),
(1000000345, 100000175, 2003, 1, 'Normal', 10000000, 10),
(1000000346, 100000175, 1001, 1, 'Normal', 10000000, 10),
(1000000347, 100000175, 5008, 1, 'Normal', 10000000, 10),
(1000000348, 100000176, 2003, 1, 'Normal', 10000000, 10),
(1000000349, 100000176, 2007, 1, 'Normal', 10000000, 10),
(1000000350, 100000176, 2002, 1, 'Normal', 10000000, 10),
(1000000351, 100000177, 3001, 1, 'Normal', 10000000, 10),
(1000000352, 100000177, 3009, 1, 'Normal', 10000000, 10),
(1000000353, 100000178, 3007, 1, 'Normal', 10000000, 10),
(1000000354, 100000178, 3005, 1, 'Normal', 10000000, 10),
(1000000355, 100000178, 3009, 1, 'Normal', 10000000, 10),
(1000000356, 100000179, 1007, 1, 'Normal', 10000000, 10),
(1000000357, 100000179, 5000, 1, 'Normal', 10000000, 10),
(1000000358, 100000179, 3003, 1, 'Normal', 10000000, 10),
(1000000359, 100000180, 2006, 1, 'Normal', 10000000, 10),
(1000000360, 100000180, 3006, 1, 'Normal', 10000000, 10),
(1000000361, 100000180, 1007, 1, 'Normal', 10000000, 10),
(1000000362, 100000181, 1006, 1, 'Normal', 10000000, 10),
(1000000363, 100000182, 4001, 1, 'Normal', 10000000, 10),
(1000000364, 100000183, 4002, 1, 'Normal', 10000000, 10),
(1000000365, 100000183, 1008, 1, 'Normal', 10000000, 10),
(1000000366, 100000184, 3001, 1, 'Normal', 10000000, 10),
(1000000368, 100000186, 3000, 1, 'Normal', 10000000, 10),
(1000000369, 100000186, 3008, 1, 'Normal', 10000000, 10),
(1000000370, 100000187, 1001, 1, 'Normal', 10000000, 10),
(1000000371, 100000187, 5008, 1, 'Normal', 10000000, 10),
(1000000377, 100000190, 2004, 1, 'Normal', 10000000, 10),
(1000000378, 100000191, 4005, 1, 'Normal', 10000000, 10),
(1000000379, 100000192, 3003, 1, 'Normal', 10000000, 10),
(1000000380, 100000192, 2003, 1, 'Normal', 10000000, 10),
(1000000381, 100000193, 2003, 1, 'Normal', 10000000, 10),
(1000000382, 100000193, 1003, 1, 'Normal', 10000000, 10),
(1000000383, 100000194, 3008, 1, 'Normal', 10000000, 10),
(1000000384, 100000194, 4001, 1, 'Normal', 10000000, 10),
(1000000385, 100000195, 4004, 1, 'Normal', 10000000, 10),
(1000000386, 100000196, 5008, 1, 'Normal', 10000000, 10),
(1000000387, 100000196, 2003, 1, 'Normal', 10000000, 10),
(1000000388, 100000197, 4008, 1, 'Normal', 10000000, 10),
(1000000389, 100000198, 1007, 1, 'Normal', 10000000, 10),
(1000000390, 100000198, 4000, 1, 'Normal', 10000000, 10),
(1000000391, 100000199, 2004, 1, 'Normal', 10000000, 10),
(1000000394, 100000201, 1000, 1, 'Normal', 10000000, 10),
(1000000395, 100000201, 3001, 1, 'Normal', 10000000, 10),
(1000000396, 100000202, 2000, 1, 'Normal', 10000000, 10),
(1000000397, 100000203, 2002, 1, 'Normal', 10000000, 10),
(1000000398, 100000203, 2008, 1, 'Normal', 10000000, 10),
(1000000399, 100000204, 5002, 1, 'Normal', 10000000, 10),
(1000000400, 100000204, 5007, 1, 'Normal', 10000000, 10),
(1000000401, 100000205, 4004, 1, 'Normal', 10000000, 10),
(1000000402, 100000205, 3005, 1, 'Normal', 10000000, 10),
(1000000403, 100000205, 4009, 1, 'Normal', 10000000, 10),
(1000000404, 100000206, 3004, 1, 'Normal', 10000000, 10),
(1000000405, 100000206, 1006, 1, 'Normal', 10000000, 10),
(1000000406, 100000207, 5007, 1, 'Normal', 10000000, 10),
(1000000407, 100000207, 4003, 1, 'Normal', 10000000, 10),
(1000000408, 100000208, 3000, 1, 'Normal', 10000000, 10),
(1000000409, 100000208, 5006, 1, 'Normal', 10000000, 10),
(1000000410, 100000208, 4000, 1, 'Normal', 10000000, 10),
(1000000411, 100000209, 4009, 1, 'Normal', 10000000, 10),
(1000000412, 100000210, 3000, 1, 'Normal', 10000000, 10),
(1000000413, 100000210, 1006, 1, 'Normal', 10000000, 10),
(1000000414, 100000211, 3000, 1, 'Normal', 10000000, 10),
(1000000415, 100000211, 2000, 1, 'Normal', 10000000, 10),
(1000000416, 100000211, 3003, 1, 'Normal', 10000000, 10),
(1000000417, 100000212, 1005, 1, 'Normal', 10000000, 10),
(1000000418, 100000213, 2009, 1, 'Normal', 10000000, 10),
(1000000419, 100000214, 1009, 1, 'Normal', 10000000, 10),
(1000000420, 100000215, 1005, 1, 'Normal', 10000000, 10),
(1000000421, 100000215, 3008, 1, 'Normal', 10000000, 10),
(1000000422, 100000215, 3001, 1, 'Normal', 10000000, 10),
(1000000423, 100000216, 4004, 1, 'Normal', 10000000, 10),
(1000000424, 100000217, 1001, 1, 'Normal', 10000000, 10),
(1000000425, 100000217, 4009, 1, 'Normal', 10000000, 10),
(1000000426, 100000217, 4007, 1, 'Normal', 10000000, 10),
(1000000427, 100000218, 3005, 1, 'Normal', 10000000, 10),
(1000000428, 100000218, 4002, 1, 'Normal', 10000000, 10),
(1000000429, 100000218, 5002, 1, 'Normal', 10000000, 10),
(1000000433, 100000220, 3007, 1, 'Normal', 10000000, 10),
(1000000434, 100000220, 1001, 1, 'Normal', 10000000, 10),
(1000000435, 100000221, 5004, 1, 'Normal', 10000000, 10),
(1000000436, 100000221, 5006, 1, 'Normal', 10000000, 10),
(1000000437, 100000222, 4002, 1, 'Normal', 10000000, 10),
(1000000438, 100000222, 2007, 1, 'Normal', 10000000, 10),
(1000000439, 100000223, 1005, 1, 'Normal', 10000000, 10),
(1000000440, 100000224, 3006, 1, 'Normal', 10000000, 10);

-- --------------------------------------------------------

--
-- Estructura de tabla para la tabla `mesa`
--

CREATE TABLE `mesa` (
  `NroMesa` int(11) NOT NULL,
  `Descripcion` varchar(100) COLLATE utf8_spanish_ci NOT NULL
) ENGINE=InnoDB DEFAULT CHARSET=utf8 COLLATE=utf8_spanish_ci;

--
-- Volcado de datos para la tabla `mesa`
--

INSERT INTO `mesa` (`NroMesa`, `Descripcion`) VALUES
(100, 'Piso 1'),
(101, 'Piso 1'),
(102, 'Piso 1'),
(103, 'Piso 1'),
(104, 'Piso 1'),
(105, 'Piso 1'),
(106, 'Piso 1'),
(107, 'Piso 1'),
(108, 'Piso 1'),
(109, 'Piso 1'),
(110, 'Piso 1'),
(200, 'Piso 2'),
(201, 'Piso 2'),
(203, 'Piso 2'),
(204, 'Piso 2'),
(205, 'Piso 2');

-- --------------------------------------------------------

--
-- Estructura de tabla para la tabla `pedido`
--

CREATE TABLE `pedido` (
  `idPedido` int(9) NOT NULL,
  `idEmpleado_Mesero` int(6) DEFAULT NULL,
  `idCliente` int(7) DEFAULT NULL,
  `Fecha` date NOT NULL,
  `Mesa` int(11) NOT NULL
) ENGINE=InnoDB DEFAULT CHARSET=utf8mb4;

--
-- Volcado de datos para la tabla `pedido`
--

INSERT INTO `pedido` (`idPedido`, `idEmpleado_Mesero`, `idCliente`, `Fecha`, `Mesa`) VALUES
(100000000, 25836914, 1000001, '2023-05-25', 102),
(100000001, 25836914, 1000003, '2023-05-25', 103),
(100000002, 25836914, 1000002, '2023-05-25', 105),
(100000003, 25836914, 1000004, '2023-05-25', 106),
(100000004, 25836914, 1000005, '2023-06-08', 204),
(100000005, 25836914, 1000006, '2023-06-08', 201),
(100000006, 25836914, 1000003, '2023-06-08', 101),
(100000007, 25836914, 1000003, '2023-06-08', 100),
(100000008, 25836914, 1000002, '2023-06-08', 203),
(100000009, 85236914, 1000007, '2023-07-01', 100),
(100000010, 85236914, 1000004, '2023-07-01', 100),
(100000011, 74852535, 1000004, '2023-07-01', 100),
(100000012, 75967363, 1000002, '2023-07-01', 100),
(100000013, 75967363, 1000002, '2023-07-01', 100),
(100000014, 85236914, 1000005, '2023-07-01', 100),
(100000015, 84956857, 1000001, '2023-07-01', 100),
(100000016, 25836914, 1000007, '2023-07-02', 100),
(100000017, 75325864, 1000006, '2023-07-02', 100),
(100000018, 74852535, 1000007, '2023-07-02', 100),
(100000019, 25836914, 1000007, '2023-07-02', 100),
(100000020, 75967363, 1000006, '2023-07-02', 100),
(100000021, 84956857, 1000003, '2023-07-02', 100),
(100000022, 25836914, 1000004, '2023-07-02', 100),
(100000024, 84956857, 1000001, '2023-07-03', 100),
(100000025, 75967363, 1000005, '2023-07-03', 100),
(100000027, 74852535, 1000005, '2023-07-03', 100),
(100000028, 25836914, 1000005, '2023-07-03', 100),
(100000030, 25836914, 1000007, '2023-07-04', 100),
(100000031, 75967363, 1000002, '2023-07-04', 100),
(100000032, 85236914, 1000005, '2023-07-04', 100),
(100000033, 75967363, 1000003, '2023-07-04', 100),
(100000034, 84956857, 1000002, '2023-07-04', 100),
(100000036, 75325864, 1000005, '2023-07-04', 100),
(100000037, 25836914, 1000002, '2023-07-05', 100),
(100000038, 85236914, 1000003, '2023-07-05', 100),
(100000039, 75967363, 1000007, '2023-07-05', 100),
(100000040, 85236914, 1000005, '2023-07-05', 100),
(100000041, 25836914, 1000003, '2023-07-05', 100),
(100000042, 74852535, 1000007, '2023-07-05', 100),
(100000043, 84956857, 1000005, '2023-07-05', 100),
(100000044, 74852535, 1000002, '2023-07-06', 100),
(100000045, 85236914, 1000003, '2023-07-06', 100),
(100000046, 25836914, 1000001, '2023-07-06', 100),
(100000047, 75325864, 1000005, '2023-07-06', 100),
(100000048, 84956857, 1000002, '2023-07-06', 100),
(100000049, 85236914, 1000005, '2023-07-06', 100),
(100000050, 84956857, 1000003, '2023-07-06', 100),
(100000051, 74852535, 1000001, '2023-07-07', 100),
(100000052, 75325864, 1000003, '2023-07-07', 100),
(100000053, 85236914, 1000006, '2023-07-07', 100),
(100000054, 84956857, 1000003, '2023-07-07', 100),
(100000055, 84956857, 1000002, '2023-07-07', 100),
(100000056, 85236914, 1000003, '2023-07-07', 100),
(100000057, 75325864, 1000005, '2023-07-07', 100),
(100000058, 75967363, 1000006, '2023-07-08', 100),
(100000059, 74852535, 1000004, '2023-07-08', 100),
(100000060, 84956857, 1000004, '2023-07-08', 100),
(100000061, 25836914, 1000005, '2023-07-08', 100),
(100000062, 25836914, 1000003, '2023-07-08', 100),
(100000063, 84956857, 1000006, '2023-07-08', 100),
(100000064, 85236914, 1000004, '2023-07-08', 100),
(100000065, 75967363, 1000007, '2023-07-09', 100),
(100000066, 84956857, 1000002, '2023-07-09', 100),
(100000068, 75967363, 1000001, '2023-07-09', 100),
(100000069, 25836914, 1000003, '2023-07-09', 100),
(100000070, 75325864, 1000002, '2023-07-09', 100),
(100000071, 25836914, 1000004, '2023-07-09', 100),
(100000072, 25836914, 1000006, '2023-07-10', 100),
(100000073, 25836914, 1000005, '2023-07-10', 100),
(100000074, 25836914, 1000003, '2023-07-10', 100),
(100000075, 25836914, 1000001, '2023-07-10', 100),
(100000076, 84956857, 1000002, '2023-07-10', 100),
(100000077, 25836914, 1000007, '2023-07-10', 100),
(100000079, 74852535, 1000004, '2023-07-11', 100),
(100000080, 75967363, 1000005, '2023-07-11', 100),
(100000081, 85236914, 1000005, '2023-07-11', 100),
(100000082, 84956857, 1000005, '2023-07-11', 100),
(100000085, 74852535, 1000001, '2023-07-11', 100),
(100000087, 25836914, 1000004, '2023-07-12', 100),
(100000088, 85236914, 1000004, '2023-07-12', 100),
(100000089, 25836914, 1000005, '2023-07-12', 100),
(100000090, 25836914, 1000004, '2023-07-12', 100),
(100000091, 25836914, 1000004, '2023-07-12', 100),
(100000092, 85236914, 1000003, '2023-07-12', 100),
(100000093, 84956857, 1000006, '2023-07-13', 100),
(100000095, 75325864, 1000006, '2023-07-13', 100),
(100000096, 85236914, 1000006, '2023-07-13', 100),
(100000097, 84956857, 1000006, '2023-07-13', 100),
(100000098, 84956857, 1000004, '2023-07-13', 100),
(100000099, 75967363, 1000005, '2023-07-13', 100),
(100000100, 85236914, 1000002, '2023-07-14', 100),
(100000102, 84956857, 1000004, '2023-07-14', 100),
(100000103, 75325864, 1000004, '2023-07-14', 100),
(100000104, 84956857, 1000007, '2023-07-14', 100),
(100000105, 84956857, 1000002, '2023-07-14', 100),
(100000106, 74852535, 1000003, '2023-07-14', 100),
(100000107, 25836914, 1000003, '2023-07-15', 100),
(100000108, 85236914, 1000005, '2023-07-15', 100),
(100000109, 75325864, 1000006, '2023-07-15', 100),
(100000110, 75325864, 1000001, '2023-07-15', 100),
(100000111, 85236914, 1000006, '2023-07-15', 100),
(100000113, 75967363, 1000003, '2023-07-15', 100),
(100000114, 75325864, 1000005, '2023-07-16', 100),
(100000115, 85236914, 1000003, '2023-07-16', 100),
(100000116, 75325864, 1000004, '2023-07-16', 100),
(100000117, 84956857, 1000002, '2023-07-16', 100),
(100000118, 25836914, 1000003, '2023-07-16', 100),
(100000119, 85236914, 1000007, '2023-07-16', 100),
(100000121, 84956857, 1000005, '2023-07-17', 100),
(100000122, 74852535, 1000003, '2023-07-17', 100),
(100000123, 85236914, 1000006, '2023-07-17', 100),
(100000124, 75967363, 1000006, '2023-07-17', 100),
(100000125, 85236914, 1000003, '2023-07-17', 100),
(100000126, 85236914, 1000005, '2023-07-17', 100),
(100000127, 25836914, 1000005, '2023-07-17', 100),
(100000128, 75325864, 1000001, '2023-07-18', 100),
(100000129, 75325864, 1000004, '2023-07-18', 100),
(100000130, 74852535, 1000006, '2023-07-18', 100),
(100000132, 84956857, 1000001, '2023-07-18', 100),
(100000133, 75325864, 1000005, '2023-07-18', 100),
(100000134, 84956857, 1000006, '2023-07-18', 100),
(100000135, 85236914, 1000006, '2023-07-19', 100),
(100000136, 25836914, 1000006, '2023-07-19', 100),
(100000137, 75325864, 1000006, '2023-07-19', 100),
(100000138, 74852535, 1000004, '2023-07-19', 100),
(100000139, 74852535, 1000003, '2023-07-19', 100),
(100000140, 25836914, 1000002, '2023-07-19', 100),
(100000142, 74852535, 1000005, '2023-07-20', 100),
(100000143, 74852535, 1000005, '2023-07-20', 100),
(100000144, 84956857, 1000005, '2023-07-20', 100),
(100000145, 85236914, 1000004, '2023-07-20', 100),
(100000146, 75967363, 1000001, '2023-07-20', 100),
(100000147, 75967363, 1000002, '2023-07-20', 100),
(100000148, 74852535, 1000002, '2023-07-20', 100),
(100000149, 75967363, 1000007, '2023-07-21', 100),
(100000150, 74852535, 1000003, '2023-07-21', 100),
(100000152, 84956857, 1000002, '2023-07-21', 100),
(100000153, 75325864, 1000007, '2023-07-21', 100),
(100000154, 75967363, 1000007, '2023-07-21', 100),
(100000157, 75967363, 1000004, '2023-07-22', 100),
(100000159, 85236914, 1000003, '2023-07-22', 100),
(100000160, 74852535, 1000005, '2023-07-22', 100),
(100000162, 84956857, 1000005, '2023-07-22', 100),
(100000163, 25836914, 1000001, '2023-07-23', 100),
(100000164, 75325864, 1000007, '2023-07-23', 100),
(100000165, 85236914, 1000001, '2023-07-23', 100),
(100000166, 84956857, 1000002, '2023-07-23', 100),
(100000167, 84956857, 1000001, '2023-07-23', 100),
(100000168, 75325864, 1000003, '2023-07-23', 100),
(100000169, 25836914, 1000002, '2023-07-23', 100),
(100000170, 75325864, 1000001, '2023-07-24', 100),
(100000171, 75967363, 1000003, '2023-07-24', 100),
(100000173, 75967363, 1000002, '2023-07-24', 100),
(100000174, 84956857, 1000006, '2023-07-24', 100),
(100000175, 84956857, 1000006, '2023-07-24', 100),
(100000176, 25836914, 1000001, '2023-07-24', 100),
(100000177, 75967363, 1000002, '2023-07-25', 100),
(100000178, 84956857, 1000005, '2023-07-25', 100),
(100000179, 84956857, 1000007, '2023-07-25', 100),
(100000180, 74852535, 1000006, '2023-07-25', 100),
(100000181, 84956857, 1000007, '2023-07-25', 100),
(100000182, 74852535, 1000002, '2023-07-25', 100),
(100000183, 75967363, 1000007, '2023-07-25', 100),
(100000184, 75325864, 1000004, '2023-07-26', 100),
(100000186, 25836914, 1000002, '2023-07-26', 100),
(100000187, 25836914, 1000004, '2023-07-26', 100),
(100000190, 75967363, 1000001, '2023-07-26', 100),
(100000191, 85236914, 1000007, '2023-07-27', 100),
(100000192, 84956857, 1000001, '2023-07-27', 100),
(100000193, 84956857, 1000003, '2023-07-27', 100),
(100000194, 85236914, 1000005, '2023-07-27', 100),
(100000195, 74852535, 1000003, '2023-07-27', 100),
(100000196, 85236914, 1000005, '2023-07-27', 100),
(100000197, 84956857, 1000004, '2023-07-27', 100),
(100000198, 75325864, 1000003, '2023-07-28', 100),
(100000199, 75967363, 1000004, '2023-07-28', 100),
(100000201, 84956857, 1000007, '2023-07-28', 100),
(100000202, 25836914, 1000004, '2023-07-28', 100),
(100000203, 74852535, 1000003, '2023-07-28', 100),
(100000204, 85236914, 1000004, '2023-07-28', 100),
(100000205, 75325864, 1000003, '2023-07-29', 100),
(100000206, 25836914, 1000001, '2023-07-29', 100),
(100000207, 74852535, 1000002, '2023-07-29', 100),
(100000208, 84956857, 1000002, '2023-07-29', 100),
(100000209, 74852535, 1000006, '2023-07-29', 100),
(100000210, 85236914, 1000003, '2023-07-29', 100),
(100000211, 75325864, 1000004, '2023-07-29', 100),
(100000212, 85236914, 1000003, '2023-07-30', 100),
(100000213, 25836914, 1000007, '2023-07-30', 100),
(100000214, 74852535, 1000002, '2023-07-30', 100),
(100000215, 75325864, 1000004, '2023-07-30', 100),
(100000216, 25836914, 1000006, '2023-07-30', 100),
(100000217, 75325864, 1000004, '2023-07-30', 100),
(100000218, 75325864, 1000001, '2023-07-30', 100),
(100000220, 74852535, 1000003, '2023-07-31', 100),
(100000221, 75325864, 1000004, '2023-07-31', 100),
(100000222, 75967363, 1000004, '2023-07-31', 100),
(100000223, 75325864, 1000004, '2023-07-31', 100),
(100000224, 85236914, 1000005, '2023-07-31', 100);

-- --------------------------------------------------------

--
-- Estructura de tabla para la tabla `producto`
--

CREATE TABLE `producto` (
  `idProducto` int(4) NOT NULL,
  `idTipo_Producto` int(3) DEFAULT NULL,
  `Nombre` varchar(50) DEFAULT NULL,
  `Precio` float DEFAULT NULL,
  `Tiempo_Preparacion` float NOT NULL
) ENGINE=InnoDB DEFAULT CHARSET=utf8mb4;

--
-- Volcado de datos para la tabla `producto`
--

INSERT INTO `producto` (`idProducto`, `idTipo_Producto`, `Nombre`, `Precio`, `Tiempo_Preparacion`) VALUES
(1000, 100, 'Carpaccio de lomo', 48, 20),
(1001, 100, 'Nigiris de Brisket', 60, 60),
(1002, 100, 'Tiradito de Conchas', 70, 25),
(1003, 100, 'Nigiri de entraña', 32, 20),
(1004, 100, 'Nigiri de salmón', 25, 20),
(1005, 100, 'Truffle Steak Tartare', 45, 20),
(1006, 100, 'Carpaccio de Salmon', 42, 20),
(1007, 100, 'Tartare de Salmon', 42, 30),
(1008, 100, 'Tacos de Brisket', 38, 30),
(1009, 100, 'Conchas alla Parmiggiana con Tuetano', 65, 35),
(1010, 100, 'Langostinos Centenario', 55, 35),
(1011, 100, 'Spring Rolls', 44, 25),
(1012, 100, 'Provoleta', 37, 30),
(2000, 101, 'Roast Beff', 320, 180),
(2001, 101, 'Tacos de cachete de res', 32, 30),
(2002, 101, 'Tacos de entraña', 45, 30),
(2003, 101, 'Chorizo de finas Hierbas', 29, 30),
(2004, 101, 'Chorizo parriellero', 29, 20),
(2005, 101, 'Chorizo de cerdo', 29, 20),
(2006, 101, 'Tabla de Chorizos', 40, 25),
(2007, 101, 'Chorizo Jalapeño', 29, 20),
(2008, 101, 'Sweet chorizo', 29, 20),
(2009, 101, 'morcilla', 25, 20),
(2010, 101, 'New York c/hueso', 160, 30),
(2011, 101, 'T Bone', 310, 35),
(2012, 101, 'Tomahawk', 320, 30),
(2013, 101, 'Cowboy', 315, 30),
(2014, 101, 'Portehouse', 310, 30),
(2015, 101, 'Asado de tira de angus sous vide', 160, 30),
(2016, 101, 'Lomo fino angus', 115, 30),
(2017, 101, 'Bife ancho USA', 160, 30),
(2018, 101, 'Bife ancho ARG', 125, 30),
(2019, 101, 'Super costillon sous vide', 580, 100),
(2020, 101, 'Super costilon', 580, 100),
(2021, 101, 'Cochinillo', 680, 180),
(3000, 102, 'Los pasos del cholo', 45, 10),
(3001, 102, 'Jamaica en los Andes', 40, 10),
(3002, 102, 'Berries Yupanqui', 40, 10),
(3003, 102, 'Negroni Serrano', 45, 10),
(3004, 102, 'El secreto de don juan', 58, 10),
(3005, 102, 'SinGlenton Honey', 45, 10),
(3006, 102, 'Moscow Mule Primavera', 45, 10),
(3007, 102, 'Capitan Salvador', 40, 10),
(3008, 102, 'Ahumado', 45, 10),
(3009, 102, 'Ying Yang royale', 40, 10),
(4000, 103, 'Champagne Louis Roeder Cristal', 2500, 5),
(4001, 103, 'Vino blanco ES/ARG/FRN', 580, 5),
(4002, 103, 'Ordenallaia Bianco 2017', 1400, 5),
(4003, 103, 'Ordenallaia Bianco 2016', 1500, 5),
(4004, 103, 'Quinta Da Baixo Poeirinho ', 580, 5),
(4005, 103, 'Vino Argentino Pintom', 580, 5),
(4006, 103, 'Vino Real Asua', 1200, 5),
(4007, 103, 'Vino contino viña el olivo', 1600, 5),
(4008, 103, 'Vino Español Pintia 2017- 3000ml', 5200, 5),
(4009, 103, 'Vino Español Pintia 2017- 1500ml', 3200, 5),
(4010, 103, 'Vino italiano Burlotto Barolo Acclivi', 2000, 5),
(5000, 104, 'Affogato', 17, 10),
(5001, 104, 'Capuccino', 9, 10),
(5002, 104, 'Cafe americano', 9, 10),
(5003, 104, 'Brownie de Chocolate', 30, 15),
(5004, 104, 'Bowl de Sensaciones', 30, 15),
(5005, 104, 'Copa Tropical', 30, 15),
(5006, 104, 'Butterfly de Lucuma', 30, 15),
(5007, 104, 'Citruc', 25, 15),
(5008, 104, 'Texturas de Chocolate', 30, 15),
(5009, 104, 'Tarta Vasca de Queso', 30, 15),
(5010, 104, 'Tiramisu', 30, 15);

-- --------------------------------------------------------

--
-- Estructura de tabla para la tabla `registro_llegada`
--

CREATE TABLE `registro_llegada` (
  `idRegistroLlegada` int(8) NOT NULL,
  `idCliente` int(8) NOT NULL,
  `Fecha_Reserva` date NOT NULL,
  `Feha_LLegada` date NOT NULL
) ENGINE=InnoDB DEFAULT CHARSET=utf8 COLLATE=utf8_spanish_ci;

--
-- Volcado de datos para la tabla `registro_llegada`
--

INSERT INTO `registro_llegada` (`idRegistroLlegada`, `idCliente`, `Fecha_Reserva`, `Feha_LLegada`) VALUES
(1, 1000004, '2023-07-20', '2023-07-21'),
(2, 1000004, '2023-07-23', '2023-07-30'),
(3, 1000007, '2023-07-21', '2023-07-14');

-- --------------------------------------------------------

--
-- Estructura de tabla para la tabla `suministros`
--

CREATE TABLE `suministros` (
  `idSuministro` int(11) NOT NULL,
  `Nombre` varchar(100) COLLATE utf8_spanish_ci NOT NULL,
  `cantidad` float NOT NULL,
  `Descripcion` varchar(100) COLLATE utf8_spanish_ci NOT NULL
) ENGINE=InnoDB DEFAULT CHARSET=utf8 COLLATE=utf8_spanish_ci;

--
-- Volcado de datos para la tabla `suministros`
--

INSERT INTO `suministros` (`idSuministro`, `Nombre`, `cantidad`, `Descripcion`) VALUES
(100000, 'Aceite', 120, 'unidad de 1500ml'),
(100001, 'Carne Argentina', 60, 'KG'),
(100002, 'Harina', 500, 'Grs'),
(100003, 'Entraña', 60, 'Kilos'),
(100004, 'Panceta Ahumada', 1000, 'Grs'),
(100005, 'Carne de Cerdo', 500, 'Gr'),
(100006, 'Cuero de Cerdo', 60, 'Kg'),
(100007, 'Vinagre De Vino Tinto', 250, 'ML'),
(100008, 'Aji Panca Molido', 400, 'KG'),
(100009, 'Limon', 10, 'Kg'),
(100010, 'Salsa Perrins', 600, 'ML'),
(100011, 'Ajos', 20, 'KG'),
(100012, 'Pimienta Molida', 1500, 'kg'),
(100013, 'Leche', 800, 'ML'),
(100014, 'Cafe ', 200, 'ML'),
(100015, 'Cacao', 15, 'KG'),
(100016, 'Lucuma', 8, 'KG'),
(100017, 'Esencia de Vainilla ', 2000, 'Gr'),
(100018, 'Cereza Marrasquino', 4, 'KG'),
(100019, 'Chocolate bittler', 20, 'KG'),
(100020, 'Gelatina', 500, 'Gr');

-- --------------------------------------------------------

--
-- Estructura de tabla para la tabla `tipo_empleado`
--

CREATE TABLE `tipo_empleado` (
  `idTipo` int(2) NOT NULL,
  `Nombre` varchar(50) NOT NULL
) ENGINE=InnoDB DEFAULT CHARSET=utf8mb4;

--
-- Volcado de datos para la tabla `tipo_empleado`
--

INSERT INTO `tipo_empleado` (`idTipo`, `Nombre`) VALUES
(11, 'Administrador'),
(12, 'Chef'),
(13, 'Mozo'),
(14, 'Bartender'),
(15, 'Pastelero'),
(16, 'Recepcionista'),
(17, 'Suministro');

-- --------------------------------------------------------

--
-- Estructura de tabla para la tabla `tipo_producto`
--

CREATE TABLE `tipo_producto` (
  `idTipo_Producto` int(3) NOT NULL,
  `Nombre` varchar(50) NOT NULL
) ENGINE=InnoDB DEFAULT CHARSET=utf8mb4;

--
-- Volcado de datos para la tabla `tipo_producto`
--

INSERT INTO `tipo_producto` (`idTipo_Producto`, `Nombre`) VALUES
(100, 'Platos'),
(101, 'Carnes'),
(102, 'Bebidas Alcohólicas'),
(103, 'Vinos'),
(104, 'Postres');

--
-- Índices para tablas volcadas
--

--
-- Indices de la tabla `boleta`
--
ALTER TABLE `boleta`
  ADD PRIMARY KEY (`idBoleta`),
  ADD KEY `idPedido` (`idPedido`),
  ADD KEY `idCliente` (`idCliente`),
  ADD KEY `fmozoboleto` (`idMozo`);

--
-- Indices de la tabla `cliente`
--
ALTER TABLE `cliente`
  ADD PRIMARY KEY (`idCliente`);

--
-- Indices de la tabla `empleados`
--
ALTER TABLE `empleados`
  ADD PRIMARY KEY (`idEmpleado`),
  ADD KEY `fkidTip` (`idTipo`);

--
-- Indices de la tabla `estado_pedido`
--
ALTER TABLE `estado_pedido`
  ADD PRIMARY KEY (`idEstado`);

--
-- Indices de la tabla `factura`
--
ALTER TABLE `factura`
  ADD PRIMARY KEY (`idFactura`),
  ADD KEY `fkpedfactura` (`idpedido`),
  ADD KEY `idCliente` (`idCliente`),
  ADD KEY `idCliente_2` (`idCliente`),
  ADD KEY `fkmozofactura` (`idMozo`);

--
-- Indices de la tabla `historial_suministro`
--
ALTER TABLE `historial_suministro`
  ADD PRIMARY KEY (`id_historial`),
  ADD KEY `id_suministro` (`id_suministro`);

--
-- Indices de la tabla `lista`
--
ALTER TABLE `lista`
  ADD PRIMARY KEY (`idLista`),
  ADD KEY `fkpedilista` (`idPedido`),
  ADD KEY `fkprodlist` (`idProducto`),
  ADD KEY `fkestado` (`Estado`),
  ADD KEY `fkencragado` (`idEncargado`);

--
-- Indices de la tabla `mesa`
--
ALTER TABLE `mesa`
  ADD PRIMARY KEY (`NroMesa`);

--
-- Indices de la tabla `pedido`
--
ALTER TABLE `pedido`
  ADD PRIMARY KEY (`idPedido`),
  ADD KEY `fkmesero` (`idEmpleado_Mesero`),
  ADD KEY `fkclientepedido` (`idCliente`),
  ADD KEY `Mesa` (`Mesa`);

--
-- Indices de la tabla `producto`
--
ALTER TABLE `producto`
  ADD PRIMARY KEY (`idProducto`),
  ADD KEY `fktipoP` (`idTipo_Producto`);

--
-- Indices de la tabla `registro_llegada`
--
ALTER TABLE `registro_llegada`
  ADD PRIMARY KEY (`idRegistroLlegada`),
  ADD KEY `idCliente` (`idCliente`);

--
-- Indices de la tabla `suministros`
--
ALTER TABLE `suministros`
  ADD PRIMARY KEY (`idSuministro`);

--
-- Indices de la tabla `tipo_empleado`
--
ALTER TABLE `tipo_empleado`
  ADD PRIMARY KEY (`idTipo`);

--
-- Indices de la tabla `tipo_producto`
--
ALTER TABLE `tipo_producto`
  ADD PRIMARY KEY (`idTipo_Producto`);

--
-- AUTO_INCREMENT de las tablas volcadas
--

--
-- AUTO_INCREMENT de la tabla `factura`
--
ALTER TABLE `factura`
  MODIFY `idFactura` int(14) NOT NULL AUTO_INCREMENT, AUTO_INCREMENT=100000240;

--
-- Restricciones para tablas volcadas
--

--
-- Filtros para la tabla `boleta`
--
ALTER TABLE `boleta`
  ADD CONSTRAINT `boleta_ibfk_1` FOREIGN KEY (`idCliente`) REFERENCES `cliente` (`idCliente`) ON DELETE CASCADE ON UPDATE CASCADE,
  ADD CONSTRAINT `boleta_ibfk_2` FOREIGN KEY (`idPedido`) REFERENCES `pedido` (`idPedido`) ON DELETE CASCADE ON UPDATE CASCADE,
  ADD CONSTRAINT `fmozoboleto` FOREIGN KEY (`idMozo`) REFERENCES `empleados` (`idEmpleado`);

--
-- Filtros para la tabla `empleados`
--
ALTER TABLE `empleados`
  ADD CONSTRAINT `fkidTip` FOREIGN KEY (`idTipo`) REFERENCES `tipo_empleado` (`idTipo`);

--
-- Filtros para la tabla `factura`
--
ALTER TABLE `factura`
  ADD CONSTRAINT `factura_ibfk_1` FOREIGN KEY (`idCliente`) REFERENCES `cliente` (`idCliente`) ON DELETE CASCADE ON UPDATE CASCADE,
  ADD CONSTRAINT `fkmozofactura` FOREIGN KEY (`idMozo`) REFERENCES `empleados` (`idEmpleado`),
  ADD CONSTRAINT `fkpedfactura` FOREIGN KEY (`idpedido`) REFERENCES `pedido` (`idPedido`);

--
-- Filtros para la tabla `historial_suministro`
--
ALTER TABLE `historial_suministro`
  ADD CONSTRAINT `historial_suministro_ibfk_1` FOREIGN KEY (`id_suministro`) REFERENCES `suministros` (`idSuministro`) ON DELETE CASCADE ON UPDATE CASCADE;

--
-- Filtros para la tabla `lista`
--
ALTER TABLE `lista`
  ADD CONSTRAINT `fkencragado` FOREIGN KEY (`idEncargado`) REFERENCES `empleados` (`idEmpleado`),
  ADD CONSTRAINT `fkestado` FOREIGN KEY (`Estado`) REFERENCES `estado_pedido` (`idEstado`),
  ADD CONSTRAINT `fkpedilista` FOREIGN KEY (`idPedido`) REFERENCES `pedido` (`idPedido`),
  ADD CONSTRAINT `fkprodlist` FOREIGN KEY (`idProducto`) REFERENCES `producto` (`idProducto`);

--
-- Filtros para la tabla `pedido`
--
ALTER TABLE `pedido`
  ADD CONSTRAINT `fkclientepedido` FOREIGN KEY (`idCliente`) REFERENCES `cliente` (`idCliente`),
  ADD CONSTRAINT `fkmesero` FOREIGN KEY (`idEmpleado_Mesero`) REFERENCES `empleados` (`idEmpleado`),
  ADD CONSTRAINT `pedido_ibfk_1` FOREIGN KEY (`Mesa`) REFERENCES `mesa` (`NroMesa`) ON DELETE CASCADE ON UPDATE CASCADE;

--
-- Filtros para la tabla `producto`
--
ALTER TABLE `producto`
  ADD CONSTRAINT `fktipoP` FOREIGN KEY (`idTipo_Producto`) REFERENCES `tipo_producto` (`idTipo_Producto`);

--
-- Filtros para la tabla `registro_llegada`
--
ALTER TABLE `registro_llegada`
  ADD CONSTRAINT `registro_llegada_ibfk_1` FOREIGN KEY (`idCliente`) REFERENCES `cliente` (`idCliente`) ON DELETE CASCADE ON UPDATE CASCADE;
COMMIT;

/*!40101 SET CHARACTER_SET_CLIENT=@OLD_CHARACTER_SET_CLIENT */;
/*!40101 SET CHARACTER_SET_RESULTS=@OLD_CHARACTER_SET_RESULTS */;
/*!40101 SET COLLATION_CONNECTION=@OLD_COLLATION_CONNECTION */;
